	0
0	1.0
1	0.0270958574359351
2	0.05
3	66.13651421310826
4	2449752900187.1797
5	1.0
6	0.0270958574359351
7	0.05
8	66.13651421310826
9	2449752900187.1797
10	1.0
11	0.027733776528532487
12	0.05101010101010101
13	66.062255312493
14	2497442990604.74
15	1.0
16	0.028375388828000208
17	0.05202020202020202
18	65.98793116905054
19	2544957159385.66
20	1.0
21	0.02902070106299673
22	0.05303030303030303
23	65.9135414608467
24	2592288844523.08
25	1.0
26	0.02966971999967306
27	0.05404040404040404
28	65.83908586366151
29	2639431449274.58
30	1.0
31	0.03032245244207843
32	0.05505050505050505
33	65.76456405096616
34	2686378342251.3066
35	1.0
36	0.03097890523257126
37	0.05606060606060606
38	65.6899756938999
39	2733122857508.703
40	1.0
41	0.031639085252235716
42	0.05707070707070708
43	65.61532046124624
44	2779658294638.8184
45	1.0
46	0.03230299942130316
47	0.05808080808080808
48	65.54059801940919
49	2825977918864.1543
50	1.0
51	0.032970654699579445
52	0.0590909090909091
53	65.46580803238902
54	2872074961133.217
55	1.0
56	0.033642058086877646
57	0.0601010101010101
58	65.39095016175769
59	2917942618217.578
60	1.0
61	0.034317216623456305
62	0.061111111111111116
63	65.31602406663404
64	2963574052810.6445
65	1.0
66	0.03499613739046372
67	0.062121212121212126
68	65.24102940365854
69	3008962393627.9707
70	1.0
71	0.035678827510387756
72	0.06313131313131314
73	65.16596582696778
74	3054100735509.3086
75	1.0
76	0.0363652941475117
77	0.06414141414141414
78	65.09083298816857
79	3098982139522.1934
80	1.0
81	0.03705554450837633
82	0.06515151515151515
83	65.01563053631175
84	3143599633067.2793
85	1.0
86	0.03774958584224775
87	0.06616161616161617
88	64.94035811786556
89	3187946209985.289
90	1.0
91	0.03844742544159179
92	0.06717171717171717
93	64.86501537668869
94	3232014830665.6445
95	1.0
96	0.03914907064255451
97	0.06818181818181818
98	64.78960195400299
99	3275798422156.7715
100	1.0
101	0.03985452882544931
102	0.0691919191919192
103	64.7141174883658
104	3319289878278.1465
105	1.0
106	0.04056380741525041
107	0.07020202020202021
108	64.63856161564183
109	3362482059733.9355
110	1.0
111	0.04127691388209317
112	0.07121212121212121
113	64.5629339689747
114	3405367794228.494
115	1.0
116	0.04199385574178102
117	0.07222222222222223
118	64.48723417875819
119	3447939876583.4434
120	1.0
121	0.0427146405562995
122	0.07323232323232323
123	64.41146187260681
124	3490191068856.5547
125	1.0
126	0.04343927593433693
127	0.07424242424242425
128	64.33561667532636
129	3532114100462.3594
130	1.0
131	0.04416776953181261
132	0.07525252525252525
133	64.25969820888369
134	3573701668294.4746
135	1.0
136	0.04490012905241192
137	0.07626262626262627
138	64.18370609237633
139	3614946436849.7617
140	1.0
141	0.045636362248129045
142	0.07727272727272727
143	64.10763994200147
144	3655841038354.166
145	1.0
146	0.046376476919817035
147	0.07828282828282829
148	64.03149937102471
149	3696378072890.383
150	1.0
151	0.04712048091774556
152	0.0792929292929293
153	63.95528398974818
154	3736550108527.2812
155	1.0
156	0.047868382142166294
157	0.0803030303030303
158	63.87899340547837
159	3776349681451.201
160	1.0
161	0.04862018854388639
162	0.08131313131313131
163	63.80262722249341
164	3815769296098.9355
165	1.0
166	0.049375908124849884
167	0.08232323232323233
168	63.726185042009845
169	3854801425292.6367
170	1.0
171	0.05013554893872701
172	0.08333333333333334
173	63.64966646214914
174	3893438510376.5195
175	1.0
176	0.05089911909151235
177	0.08434343434343435
178	63.57307107790338
179	3931672961355.383
180	1.0
181	0.05166662674213101
182	0.08535353535353535
183	63.4963984811008
184	3969497157035.0
185	1.0
186	0.05243808010305351
187	0.08636363636363636
188	63.41964826037059
189	4006903445164.383
190	1.0
191	0.053213487440919506
192	0.08737373737373738
193	63.34282000110734
194	4043884142579.879
195	1.0
196	0.053992857077170234
197	0.08838383838383838
198	63.26591328543488
199	4080431535351.215
200	1.0
201	0.05477619738869027
202	0.08939393939393939
203	63.1889276921696
204	4116537878929.379
205	1.0
206	0.05556351680845843
207	0.0904040404040404
208	63.11186279678327
209	4152195398296.4062
210	1.0
211	0.056354823826207705
212	0.09141414141414142
213	63.03471817136537
214	4187396288117.125
215	1.0
216	0.05715012698909551
217	0.09242424242424244
218	62.95749338458464
219	4222132712892.871
220	1.0
221	0.05794943490238288
222	0.09343434343434344
223	62.88018800165038
224	4256396807116.9414
225	1.0
226	0.05875275623012418
227	0.09444444444444444
228	62.80280158427291
229	4290180675432.297
230	1.0
231	0.059560099695866384
232	0.09545454545454546
233	62.72533369062364
234	4323476392790.9844
235	1.0
236	0.06037147408335911
237	0.09646464646464648
238	62.647783875294365
239	4356276004615.621
240	1.0
241	0.06118688823727477
242	0.09747474747474748
243	62.57015168925609
244	4388571526962.953
245	1.0
246	0.06200635106393955
247	0.09848484848484848
248	62.4924366798172
249	4420354946689.234
250	1.0
251	0.06282987153207499
252	0.0994949494949495
253	62.41463839058102
254	4451618221617.824
255	1.0
256	0.06365745867355112
257	0.10050505050505051
258	62.33675636140261
259	4482353280708.609
260	1.0
261	0.06448912158415028
262	0.10151515151515152
263	62.25879012834507
264	4512552024229.652
265	1.0
266	0.06532486942434258
267	0.10252525252525252
268	62.18073922363517
269	4542206323930.754
270	1.0
271	0.06616471142007342
272	0.10353535353535354
273	62.102603175618114
274	4571308023219.141
275	1.0
276	0.06700865686356207
277	0.10454545454545455
278	62.02438150871188
279	4599848937337.223
280	1.0
281	0.06785671511411334
282	0.10555555555555556
283	61.94607374336063
284	4627820853542.465
285	1.0
286	0.06870889559894078
287	0.10656565656565657
288	61.86767939598755
289	4655215531289.332
290	1.0
291	0.06956520781400288
292	0.10757575757575757
293	61.78919797894693
294	4682024702413.328
295	1.0
296	0.07042566132485209
297	0.10858585858585859
298	61.71062900047539
299	4708240071317.273
300	1.0
301	0.07129026576749647
302	0.10959595959595961
303	61.63197196464259
304	4733853315159.602
305	1.0
306	0.07215903084927532
307	0.11060606060606061
308	61.553226371300866
309	4758856084044.914
310	1.0
311	0.07303196634974767
312	0.11161616161616161
313	61.47439171603433
314	4783240001216.664
315	1.0
316	0.07390908212159518
317	0.11262626262626263
318	61.39546749010708
319	4806996663252.035
320	1.0
321	0.07479038809153869
322	0.11363636363636363
323	61.31645318041048
324	4830117640259.027
325	1.0
326	0.08841686570664867
327	0.11464646464646465
328	59.40966147183546
329	5093512248069.805
330	1.0
331	0.08950060489331794
332	0.11565656565656567
333	59.316746436798496
334	5106993084675.129
335	1.0
336	0.0905902588902686
337	0.11666666666666667
338	59.22369178510442
339	5119456326814.875
340	1.0
341	0.09168584711544606
342	0.11767676767676769
343	59.130496529145354
344	5130888144574.227
345	1.0
346	0.09278738917624578
347	0.11868686868686869
348	59.03715967046632
349	5141274658442.625
350	1.0
351	0.09389490487250171
352	0.1196969696969697
353	58.943680199596436
354	5150601939691.621
355	1.0
356	0.09500841419953449
357	0.12070707070707071
358	58.85005709587666
359	5158856010757.711
360	1.0
361	0.09612793735126128
362	0.12171717171717172
363	58.756289327283966
364	5166022845630.004
365	1.0
366	0.09725349472336767
367	0.12272727272727273
368	58.66237585025211
369	5172088370243.074
370	1.0
371	0.09838510691654512
372	0.12373737373737374
373	58.56831560948853
374	5177038462874.805
375	1.0
376	0.0995227947397935
377	0.12474747474747475
378	58.47410753778758
379	5180858954549.223
380	1.0
381	0.1006665792137919
382	0.12575757575757576
383	58.37975055583991
384	5183535629444.684
385	1.0
386	0.10181648157433841
387	0.12676767676767675
388	58.28524357203788
389	5185054225306.969
390	1.0
391	0.10297252327586208
392	0.12777777777777777
393	58.19058548227677
394	5185400433867.715
395	1.0
396	0.10413472599500631
397	0.12878787878787878
398	58.095775169752116
399	5184559901268.0625
400	1.0
401	0.10530311163428833
402	0.1297979797979798
403	58.00081150475254
404	5182518228487.531
405	1.0
406	0.10647770232583541
407	0.13080808080808082
408	57.905693344448245
409	5179260971778.1875
410	1.0
411	0.10765852043519929
412	0.13181818181818183
413	57.810419532675056
414	5174773643104.297
415	1.0
416	0.108845588565252
417	0.13282828282828285
418	57.7149888997138
419	5169041710587.031
420	1.0
421	0.11003892956016441
422	0.13383838383838384
423	57.61940026206507
424	5162050598955.047
425	1.0
426	0.11123856650947005
427	0.13484848484848486
428	57.523652422218895
429	5153785690000.008
430	1.0
431	0.11244452275221607
432	0.13585858585858585
433	57.42774416841971
434	5144232323038.047
435	1.0
436	0.11365682188120464
437	0.13686868686868686
438	57.33167427442593
439	5133375795376.461
440	1.0
441	0.11487548774732542
442	0.13787878787878788
443	57.23544149926449
444	5121201362786.078
445	1.0
446	0.11610054446398362
447	0.1388888888888889
448	57.13904458697984
449	5107694239979.25
450	1.0
451	0.11733201641162436
452	0.1398989898989899
453	57.042482266377505
454	5092839601093.422
455	1.0
456	0.11856992824235775
457	0.14090909090909093
458	56.94575325076177
459	5076622580180.422
460	1.0
461	0.1198143048846856
462	0.14191919191919192
463	56.84885623766775
464	5059028271701.531
465	1.0
466	0.12106517154833339
467	0.14292929292929293
468	56.75178990858734
469	5040041731028.141
470	1.0
471	0.12232255372919175
472	0.14393939393939392
473	56.654552928688844
474	5019647974948.383
475	1.0
476	0.12358647721436734
477	0.14494949494949494
478	56.55714394653051
479	4997831982179.5625
480	1.0
481	0.12485696808734877
482	0.14595959595959596
483	56.45956159376741
484	4974578693886.414
485	1.0
486	0.1261340527332905
487	0.14696969696969697
488	56.3618044848516
489	4949873014205.32
490	1.0
491	0.12741775784441686
492	0.147979797979798
493	56.26387121672537
494	4923699810774.414
495	1.0
496	0.12870811042554972
497	0.148989898989899
498	56.16576036850752
499	4896043915269.891
500	1.0
501	0.13000513779976533
502	0.15
503	56.06747050117218
504	4866890123948.07
505	1.0
506	0.0270958574359351
507	0.05
508	66.13651421310826
509	2449752900187.1797
510	1.0
511	0.0270958574359351
512	0.05
513	66.13651421310826
514	2449752900187.1797
515	1.0
516	0.027733776528532487
517	0.05101010101010101
518	66.062255312493
519	2497442990604.74
520	1.0
521	0.028375388828000208
522	0.05202020202020202
523	65.98793116905054
524	2544957159385.66
525	1.0
526	0.02902070106299673
527	0.05303030303030303
528	65.9135414608467
529	2592288844523.08
530	1.0
531	0.02966971999967306
532	0.05404040404040404
533	65.83908586366151
534	2639431449274.58
535	1.0
536	0.03032245244207843
537	0.05505050505050505
538	65.76456405096616
539	2686378342251.3066
540	1.0
541	0.03097890523257126
542	0.05606060606060606
543	65.6899756938999
544	2733122857508.703
545	1.0
546	0.031639085252235716
547	0.05707070707070708
548	65.61532046124624
549	2779658294638.8184
550	1.0
551	0.03230299942130316
552	0.05808080808080808
553	65.54059801940919
554	2825977918864.1543
555	1.0
556	0.032970654699579445
557	0.0590909090909091
558	65.46580803238902
559	2872074961133.217
560	1.0
561	0.033642058086877646
562	0.0601010101010101
563	65.39095016175769
564	2917942618217.578
565	1.0
566	0.034317216623456305
567	0.061111111111111116
568	65.31602406663404
569	2963574052810.6445
570	1.0
571	0.03499613739046372
572	0.062121212121212126
573	65.24102940365854
574	3008962393627.9707
575	1.0
576	0.035678827510387756
577	0.06313131313131314
578	65.16596582696778
579	3054100735509.3086
580	1.0
581	0.0363652941475117
582	0.06414141414141414
583	65.09083298816857
584	3098982139522.1934
585	1.0
586	0.03705554450837633
587	0.06515151515151515
588	65.01563053631175
589	3143599633067.2793
590	1.0
591	0.03774958584224775
592	0.06616161616161617
593	64.94035811786556
594	3187946209985.289
595	1.0
596	0.03844742544159179
597	0.06717171717171717
598	64.86501537668869
599	3232014830665.6445
600	1.0
601	0.03914907064255451
602	0.06818181818181818
603	64.78960195400299
604	3275798422156.7715
605	1.0
606	0.03985452882544931
607	0.0691919191919192
608	64.7141174883658
609	3319289878278.1465
610	1.0
611	0.04056380741525041
612	0.07020202020202021
613	64.63856161564183
614	3362482059733.9355
615	1.0
616	0.04127691388209317
617	0.07121212121212121
618	64.5629339689747
619	3405367794228.494
620	1.0
621	0.04199385574178102
622	0.07222222222222223
623	64.48723417875819
624	3447939876583.4434
625	1.0
626	0.0427146405562995
627	0.07323232323232323
628	64.41146187260681
629	3490191068856.5547
630	1.0
631	0.04343927593433693
632	0.07424242424242425
633	64.33561667532636
634	3532114100462.3594
635	1.0
636	0.04416776953181261
637	0.07525252525252525
638	64.25969820888369
639	3573701668294.4746
640	1.0
641	0.04490012905241192
642	0.07626262626262627
643	64.18370609237633
644	3614946436849.7617
645	1.0
646	0.045636362248129045
647	0.07727272727272727
648	64.10763994200147
649	3655841038354.166
650	1.0
651	0.046376476919817035
652	0.07828282828282829
653	64.03149937102471
654	3696378072890.383
655	1.0
656	0.04712048091774556
657	0.0792929292929293
658	63.95528398974818
659	3736550108527.2812
660	1.0
661	0.047868382142166294
662	0.0803030303030303
663	63.87899340547837
664	3776349681451.201
665	1.0
666	0.04862018854388639
667	0.08131313131313131
668	63.80262722249341
669	3815769296098.9355
670	1.0
671	0.049375908124849884
672	0.08232323232323233
673	63.726185042009845
674	3854801425292.6367
675	1.0
676	0.05013554893872701
677	0.08333333333333334
678	63.64966646214914
679	3893438510376.5195
680	1.0
681	0.05089911909151235
682	0.08434343434343435
683	63.57307107790338
684	3931672961355.383
685	1.0
686	0.05166662674213101
687	0.08535353535353535
688	63.4963984811008
689	3969497157035.0
690	1.0
691	0.05243808010305351
692	0.08636363636363636
693	63.41964826037059
694	4006903445164.383
695	1.0
696	0.053213487440919506
697	0.08737373737373738
698	63.34282000110734
699	4043884142579.879
700	1.0
701	0.053992857077170234
702	0.08838383838383838
703	63.26591328543488
704	4080431535351.215
705	1.0
706	0.05477619738869027
707	0.08939393939393939
708	63.1889276921696
709	4116537878929.379
710	1.0
711	0.05556351680845843
712	0.0904040404040404
713	63.11186279678327
714	4152195398296.4062
715	1.0
716	0.056354823826207705
717	0.09141414141414142
718	63.03471817136537
719	4187396288117.125
720	1.0
721	0.05715012698909551
722	0.09242424242424244
723	62.95749338458464
724	4222132712892.871
725	1.0
726	0.05794943490238288
727	0.09343434343434344
728	62.88018800165038
729	4256396807116.9414
730	1.0
731	0.05875275623012418
732	0.09444444444444444
733	62.80280158427291
734	4290180675432.297
735	1.0
736	0.059560099695866384
737	0.09545454545454546
738	62.72533369062364
739	4323476392790.9844
740	1.0
741	0.06037147408335911
742	0.09646464646464648
743	62.647783875294365
744	4356276004615.621
745	1.0
746	0.06118688823727477
747	0.09747474747474748
748	62.57015168925609
749	4388571526962.953
750	1.0
751	0.06200635106393955
752	0.09848484848484848
753	62.4924366798172
754	4420354946689.234
755	1.0
756	0.06282987153207499
757	0.0994949494949495
758	62.41463839058102
759	4451618221617.824
760	1.0
761	0.06365745867355112
762	0.10050505050505051
763	62.33675636140261
764	4482353280708.609
765	1.0
766	0.06448912158415028
767	0.10151515151515152
768	62.25879012834507
769	4512552024229.652
770	1.0
771	0.06532486942434258
772	0.10252525252525252
773	62.18073922363517
774	4542206323930.754
775	1.0
776	0.06616471142007342
777	0.10353535353535354
778	62.102603175618114
779	4571308023219.141
780	1.0
781	0.06700865686356207
782	0.10454545454545455
783	62.02438150871188
784	4599848937337.223
785	1.0
786	0.06785671511411334
787	0.10555555555555556
788	61.94607374336063
789	4627820853542.465
790	1.0
791	0.06870889559894078
792	0.10656565656565657
793	61.86767939598755
794	4655215531289.332
795	1.0
796	0.06956520781400288
797	0.10757575757575757
798	61.78919797894693
799	4682024702413.328
800	1.0
801	0.07042566132485209
802	0.10858585858585859
803	61.71062900047539
804	4708240071317.273
805	1.0
806	0.07129026576749647
807	0.10959595959595961
808	61.63197196464259
809	4733853315159.602
810	1.0
811	0.07215903084927532
812	0.11060606060606061
813	61.553226371300866
814	4758856084044.914
815	1.0
816	0.07303196634974767
817	0.11161616161616161
818	61.47439171603433
819	4783240001216.664
820	1.0
821	0.07390908212159518
822	0.11262626262626263
823	61.39546749010708
824	4806996663252.035
825	1.0
826	0.07479038809153869
827	0.11363636363636363
828	61.31645318041048
829	4830117640259.027
830	1.0
831	0.08841686570664867
832	0.11464646464646465
833	59.40966147183546
834	5093512248069.805
835	1.0
836	0.08950060489331794
837	0.11565656565656567
838	59.316746436798496
839	5106993084675.129
840	1.0
841	0.0905902588902686
842	0.11666666666666667
843	59.22369178510442
844	5119456326814.875
845	1.0
846	0.09168584711544606
847	0.11767676767676769
848	59.130496529145354
849	5130888144574.227
850	1.0
851	0.09278738917624578
852	0.11868686868686869
853	59.03715967046632
854	5141274658442.625
855	1.0
856	0.09389490487250171
857	0.1196969696969697
858	58.943680199596436
859	5150601939691.621
860	1.0
861	0.09500841419953449
862	0.12070707070707071
863	58.85005709587666
864	5158856010757.711
865	1.0
866	0.09612793735126128
867	0.12171717171717172
868	58.756289327283966
869	5166022845630.004
870	1.0
871	0.09725349472336767
872	0.12272727272727273
873	58.66237585025211
874	5172088370243.074
875	1.0
876	0.09838510691654512
877	0.12373737373737374
878	58.56831560948853
879	5177038462874.805
880	1.0
881	0.0995227947397935
882	0.12474747474747475
883	58.47410753778758
884	5180858954549.223
885	1.0
886	0.1006665792137919
887	0.12575757575757576
888	58.37975055583991
889	5183535629444.684
890	1.0
891	0.10181648157433841
892	0.12676767676767675
893	58.28524357203788
894	5185054225306.969
895	1.0
896	0.10297252327586208
897	0.12777777777777777
898	58.19058548227677
899	5185400433867.715
900	1.0
901	0.10413472599500631
902	0.12878787878787878
903	58.095775169752116
904	5184559901268.0625
905	1.0
906	0.10530311163428833
907	0.1297979797979798
908	58.00081150475254
909	5182518228487.531
910	1.0
911	0.10647770232583541
912	0.13080808080808082
913	57.905693344448245
914	5179260971778.1875
915	1.0
916	0.10765852043519929
917	0.13181818181818183
918	57.810419532675056
919	5174773643104.297
920	1.0
921	0.108845588565252
922	0.13282828282828285
923	57.7149888997138
924	5169041710587.031
925	1.0
926	0.11003892956016441
927	0.13383838383838384
928	57.61940026206507
929	5162050598955.047
930	1.0
931	0.11123856650947005
932	0.13484848484848486
933	57.523652422218895
934	5153785690000.008
935	1.0
936	0.11244452275221607
937	0.13585858585858585
938	57.42774416841971
939	5144232323038.047
940	1.0
941	0.11365682188120464
942	0.13686868686868686
943	57.33167427442593
944	5133375795376.461
945	1.0
946	0.11487548774732542
947	0.13787878787878788
948	57.23544149926449
949	5121201362786.078
950	1.0
951	0.11610054446398362
952	0.1388888888888889
953	57.13904458697984
954	5107694239979.25
955	1.0
956	0.11733201641162436
957	0.1398989898989899
958	57.042482266377505
959	5092839601093.422
960	1.0
961	0.11856992824235775
962	0.14090909090909093
963	56.94575325076177
964	5076622580180.422
965	1.0
966	0.1198143048846856
967	0.14191919191919192
968	56.84885623766775
969	5059028271701.531
970	1.0
971	0.12106517154833339
972	0.14292929292929293
973	56.75178990858734
974	5040041731028.141
975	1.0
976	0.12232255372919175
977	0.14393939393939392
978	56.654552928688844
979	5019647974948.383
980	1.0
981	0.12358647721436734
982	0.14494949494949494
983	56.55714394653051
984	4997831982179.5625
985	1.0
986	0.12485696808734877
987	0.14595959595959596
988	56.45956159376741
989	4974578693886.414
990	1.0
991	0.1261340527332905
992	0.14696969696969697
993	56.3618044848516
994	4949873014205.32
995	1.0
996	0.12741775784441686
997	0.147979797979798
998	56.26387121672537
999	4923699810774.414
1000	1.0
1001	0.12870811042554972
1002	0.148989898989899
1003	56.16576036850752
1004	4896043915269.891
1005	1.0
1006	0.13000513779976533
1007	0.15
1008	56.06747050117218
1009	4866890123948.07
1010	2.0
1011	0.02635627892481448
1012	0.05
1013	52.519320690221164
1014	598515293542.481
1015	2.0
1016	0.02635627892481448
1017	0.05
1018	52.519320690221164
1019	598515293542.481
1020	2.0
1021	0.026927203984830544
1022	0.05101010101010101
1023	52.47677729188242
1024	609308173420.166
1025	2.0
1026	0.027499715549566775
1027	0.05202020202020202
1028	52.43419134756787
1029	620040736911.2134
1030	2.0
1031	0.028073817536015514
1032	0.05303030303030303
1033	52.39156269861264
1034	630712441768.6797
1035	2.0
1036	0.028649513882973317
1037	0.05404040404040404
1038	52.34889118535321
1039	641322743862.0254
1040	2.0
1041	0.029226808551230082
1042	0.05505050505050505
1043	52.306176647118654
1044	651871097171.3779
1045	2.0
1046	0.029805705523760346
1047	0.05606060606060606
1048	52.26341892222175
1049	662356953781.7598
1050	2.0
1051	0.030386208805916762
1052	0.05707070707070708
1053	52.22061784795005
1054	672779763877.2671
1055	2.0
1056	0.030968322425625666
1057	0.05808080808080808
1058	52.17777326055678
1059	683138975735.1943
1060	2.0
1061	0.031552050433585
1062	0.0590909090909091
1063	52.13488499525171
1064	693434035720.1157
1065	2.0
1066	0.03213739690346433
1067	0.0601010101010101
1068	52.09195288619185
1069	703664388277.9126
1070	2.0
1071	0.0327243659321072
1072	0.061111111111111116
1073	52.04897676647208
1074	713829475929.751
1075	2.0
1076	0.033312961639735864
1077	0.062121212121212126
1078	52.00595646811568
1079	723928739266.0112
1080	2.0
1081	0.033903188170158166
1082	0.06313131313131314
1083	51.96289182206469
1084	733961616940.1562
1085	2.0
1086	0.034495049690977005
1087	0.06414141414141414
1088	51.91978265817025
1089	743927545662.5586
1090	2.0
1091	0.03508855039380202
1092	0.06515151515151515
1093	51.876628805182754
1094	753825960194.2622
1095	2.0
1096	0.03568369449446398
1097	0.06616161616161617
1098	51.83343009074189
1099	763656293340.6997
1100	2.0
1101	0.03628048623323112
1102	0.06717171717171717
1103	51.79018634136666
1104	773417975945.3481
1105	2.0
1106	0.03687892987502877
1107	0.06818181818181818
1108	51.746897382445106
1109	783110436883.3252
1110	2.0
1111	0.0374790297096607
1112	0.0691919191919192
1113	51.70356303822414
1114	792733103054.9404
1115	2.0
1116	0.03808079005203367
1117	0.07020202020202021
1118	51.66018313179902
1119	802285399379.1768
1120	2.0
1121	0.03868421524238423
1122	0.07121212121212121
1123	51.61675748510292
1124	811766748787.1177
1125	2.0
1126	0.03928930964650844
1127	0.07222222222222223
1128	51.57328591889619
1129	821176572215.3154
1130	2.0
1131	0.039896077655993886
1132	0.07323232323232323
1133	51.52976825275563
1134	830514288599.0977
1135	2.0
1136	0.04050452368845502
1137	0.07424242424242425
1138	51.486204305063545
1139	839779314865.813
1140	2.0
1141	0.041114652187770696
1142	0.07525252525252525
1143	51.442593892996726
1144	848971065928.0137
1145	2.0
1146	0.04172646762432482
1147	0.07626262626262627
1148	51.39893683251524
1149	858088954676.5723
1150	2.0
1151	0.0423399744952498
1152	0.07727272727272727
1153	51.355232938351186
1154	867132391973.7495
1155	2.0
1156	0.04295517732467287
1157	0.07828282828282829
1158	51.3114820239972
1159	876100786646.168
1160	2.0
1161	0.04357208066396539
1162	0.0792929292929293
1163	51.26768390169488
1164	884993545477.7446
1165	2.0
1166	0.04419068909199502
1167	0.0803030303030303
1168	51.22383838242307
1169	893810073202.5469
1170	2.0
1171	0.04481100721538103
1172	0.08131313131313131
1173	51.179945275886034
1174	902549772497.584
1175	2.0
1176	0.04543303966875265
1177	0.08232323232323233
1178	51.13600439050139
1179	911212043975.52
1180	2.0
1181	0.04605679111501045
1182	0.08333333333333334
1183	51.092015533388
1184	919796286177.332
1185	2.0
1186	0.04668226624559108
1187	0.08434343434343435
1188	51.04797851035364
1189	928301895564.875
1190	2.0
1191	0.0473094697807349
1192	0.08535353535353535
1193	51.00389312588257
1194	936728266513.4004
1195	2.0
1196	0.047938406469757174
1197	0.08636363636363636
1198	50.95975918312293
1199	945074791303.9766
1200	2.0
1201	0.04856908109132242
1202	0.08737373737373738
1203	50.91557648387395
1204	953340860115.8579
1205	2.0
1206	0.04920149845372209
1207	0.08838383838383838
1208	50.87134482857308
1209	961525861018.7529
1210	2.0
1211	0.04983566339515565
1212	0.08939393939393939
1213	50.827064016282876
1214	969629179965.0391
1215	2.0
1216	0.05047158078401528
1217	0.0904040404040404
1218	50.78273384467779
1219	977650200781.8809
1220	2.0
1221	0.05110925551917388
1222	0.09141414141414142
1223	50.73835411003071
1224	985588305163.2832
1225	2.0
1226	0.05174869253027661
1227	0.09242424242424244
1228	50.693924607199484
1229	993442872662.0508
1230	2.0
1231	0.052389896778036356
1232	0.09343434343434344
1233	50.64944512961307
1234	1001213280681.6748
1235	2.0
1236	0.053032873254532466
1237	0.09444444444444444
1238	50.60491546925769
1239	1008898904468.1377
1240	2.0
1241	0.053677626983513395
1242	0.09545454545454546
1243	50.56033541666277
1244	1016499117101.6221
1245	2.0
1246	0.05432416302070331
1247	0.09646464646464648
1248	50.51570476088655
1249	1024013289488.1436
1250	2.0
1251	0.05497248645411206
1252	0.09747474747474748
1253	50.4710232895018
1254	1031440790351.0996
1255	2.0
1256	0.055622602404349575
1257	0.09848484848484848
1258	50.42629078858107
1259	1038780986222.7158
1260	2.0
1261	0.06446644505625608
1262	0.0994949494949495
1263	49.23762687567823
1264	1128009932134.7383
1265	2.0
1266	0.06523310891661357
1267	0.10050505050505051
1268	49.18535470726627
1269	1134822036478.0088
1270	2.0
1271	0.06600228240566419
1272	0.10151515151515152
1273	49.13300853710037
1274	1141509930333.835
1275	2.0
1276	0.0667739745971593
1277	0.10252525252525252
1278	49.08058798495225
1279	1148072586201.8398
1280	2.0
1281	0.06754819463676037
1282	0.10353535353535354
1283	49.028092667298864
1284	1154508972066.8887
1285	2.0
1286	0.06832495174289967
1287	0.10454545454545455
1288	48.9755221972825
1289	1160818051373.5664
1290	2.0
1291	0.06910425520765456
1292	0.10555555555555556
1293	48.92287618467013
1294	1166998783000.3398
1295	2.0
1296	0.06988611439763563
1297	0.10656565656565657
1298	48.8701542358122
1299	1173050121233.3926
1300	2.0
1301	0.07067053875488824
1302	0.10757575757575757
1303	48.817355953600654
1304	1178971015740.0586
1305	2.0
1306	0.07145753779780854
1307	0.10858585858585859
1308	48.76448093742647
1309	1184760411541.9678
1310	2.0
1311	0.07224712112207403
1312	0.10959595959595961
1313	48.71152878313631
1314	1190417248987.7676
1315	2.0
1316	0.0730392984015885
1317	0.11060606060606061
1318	48.65849908298866
1319	1195940463725.5068
1320	2.0
1321	0.07383407938944213
1322	0.11161616161616161
1323	48.605391425609206
1324	1201328986674.6455
1325	2.0
1326	0.07463147391888697
1327	0.11262626262626263
1328	48.55220539594539
1329	1206581743997.6523
1330	2.0
1331	0.07543149190432782
1332	0.11363636363636363
1333	48.49894057522043
1334	1211697657071.2285
1335	2.0
1336	0.07623414334232928
1337	0.11464646464646465
1338	48.4455965408864
1339	1216675642457.1484
1340	2.0
1341	0.07703943831263851
1342	0.11565656565656567
1343	48.392172866576715
1344	1221514611872.6514
1345	2.0
1346	0.07784738697922532
1347	0.11666666666666667
1348	48.33866912205767
1349	1226213472160.4473
1350	2.0
1351	0.07865799959133817
1352	0.11767676767676769
1353	48.285084873179386
1354	1230771125258.3105
1355	2.0
1356	0.07947128648457828
1357	0.11868686868686869
1358	48.23141968182573
1359	1235186468168.1846
1360	2.0
1361	0.08028725808199051
1362	0.1196969696969697
1363	48.17767310586361
1364	1239458392924.921
1365	2.0
1366	0.08110592489517267
1367	0.12070707070707071
1368	48.1238446990913
1369	1243585786564.5166
1370	2.0
1371	0.08192729752540281
1372	0.12171717171717172
1373	48.06993401118595
1374	1247567531091.9014
1375	2.0
1376	0.08275138666478543
1377	0.12272727272727273
1378	48.01594058765019
1379	1251402503448.2783
1380	2.0
1381	0.08357820309741612
1382	0.12373737373737374
1383	47.961863969757964
1384	1255089575477.9648
1385	2.0
1386	0.08440775770056627
1387	0.12474747474747475
1388	47.90770369449923
1389	1258627613894.7676
1390	2.0
1391	0.08524006144588726
1392	0.12575757575757576
1393	47.85345929452397
1394	1262015480247.8184
1395	2.0
1396	0.08607512540063456
1397	0.12676767676767675
1398	47.79913029808507
1399	1265252030886.9854
1400	2.0
1401	0.08691296072891329
1402	0.12777777777777777
1403	47.74471622898027
1404	1268336116927.664
1405	2.0
1406	0.08775357869294349
1407	0.12878787878787878
1408	47.69021660649331
1409	1271266584215.1328
1410	2.0
1411	0.08859699065434855
1412	0.1297979797979798
1413	47.635630945333695
1414	1274042273288.3115
1415	2.0
1416	0.08944320807546405
1417	0.13080808080808082
1418	47.580958755575786
1419	1276662019342.998
1420	2.0
1421	0.09029224252066977
1422	0.13181818181818183
1423	47.52619954259665
1424	1279124652194.5225
1425	2.0
1426	0.09114410565774451
1427	0.13282828282828285
1428	47.47135280701289
1429	1281428996239.8682
1430	2.0
1431	0.09199880925924413
1432	0.13383838383838384
1433	47.41641804461634
1434	1283573870419.17
1435	2.0
1436	0.09285636520390352
1437	0.13484848484848486
1438	47.36139474630869
1439	1285558088176.624
1440	2.0
1441	0.09371678547806254
1442	0.13585858585858585
1443	47.30628239803492
1444	1287380457420.8057
1445	2.0
1446	0.09458008217711766
1447	0.13686868686868686
1448	47.25108048071557
1449	1289039780484.3535
1450	2.0
1451	0.09544626750699797
1452	0.13787878787878788
1453	47.1957884701779
1454	1290534854083.0195
1455	2.0
1456	0.09631535378566813
1457	0.1388888888888889
1458	47.14040583708564
1459	1291864469274.0732
1460	2.0
1461	0.12055950753996617
1462	0.1398989898989899
1463	44.58070803471617
1464	1293608710100.0127
1465	2.0
1466	0.1342153449225605
1467	0.14090909090909093
1468	42.262585138645704
1469	1190822512445.7559
1470	2.0
1471	0.1355007650944606
1472	0.14191919191919192
1473	42.18581996843089
1474	1182188708347.877
1475	2.0
1476	0.1367921041557974
1477	0.14292929292929293
1478	42.108855602248404
1479	1173187506678.623
1480	2.0
1481	0.13808940370615705
1482	0.14393939393939392
1483	42.03169020563526
1484	1163815663102.918
1485	2.0
1486	0.13939270595853906
1487	0.14494949494949494
1488	41.95432191566783
1489	1154069909099.787
1490	2.0
1491	0.14070205375260475
1492	0.14595959595959596
1493	41.87674884033998
1494	1143946951609.8594
1495	2.0
1496	0.14201749056829813
1497	0.14696969696969697
1498	41.798969057923486
1499	1133443472673.5215
1500	2.0
1501	0.14333906053985154
1502	0.147979797979798
1503	41.72098061631039
1504	1122556129059.4727
1505	2.0
1506	0.14466680847018992
1507	0.148989898989899
1508	41.642781532336414
1509	1111281551883.3633
1510	2.0
1511	0.14600077984574836
1512	0.15
1513	41.5643697910848
1514	1099616346216.0996
1515	3.0
1516	0.029825148870259062
1517	0.05
1518	41.67085354319484
1519	294510403954.82544
1520	3.0
1521	0.029825148870259062
1522	0.05
1523	41.67085354319484
1524	294510403954.82544
1525	3.0
1526	0.030460899003913182
1527	0.05101010101010101
1528	41.63722798603727
1529	299579538321.96313
1530	3.0
1531	0.03109803543817982
1532	0.05202020202020202
1533	41.603561928684066
1534	304610469540.8862
1535	3.0
1536	0.03173656262700945
1537	0.05303030303030303
1538	41.569855207864485
1539	309602994267.823
1540	3.0
1541	0.032376485053049374
1542	0.05404040404040404
1543	41.53610765919065
1544	314556908395.75146
1545	3.0
1546	0.03301780722791535
1547	0.05505050505050505
1548	41.50231911714683
1549	319472007049.7141
1550	3.0
1551	0.033660533692466216
1552	0.05606060606060606
1553	41.468489415078636
1554	324348084582.09326
1555	3.0
1556	0.03430466901708215
1557	0.05707070707070708
1558	41.43461838518195
1559	329184934567.8225
1560	3.0
1561	0.034950217801946126
1562	0.05808080808080808
1563	41.40070585849192
1564	333982349799.55444
1565	3.0
1566	0.035597184677329044
1567	0.0590909090909091
1568	41.36675166487157
1569	338740122282.77
1570	3.0
1571	0.036245574303878286
1572	0.0601010101010101
1573	41.33275563300053
1574	343458043230.8474
1575	3.0
1576	0.036895391372910064
1577	0.061111111111111116
1578	41.29871759036336
1579	348135903060.05396
1580	3.0
1581	0.03754664060670502
1582	0.062121212121212126
1583	41.264637363237945
1584	352773491384.50903
1585	3.0
1586	0.03819932675880793
1587	0.06313131313131314
1588	41.23051477668366
1589	357370597011.0674
1590	3.0
1591	0.03885345461433107
1592	0.06414141414141414
1593	41.19634965452933
1594	361927007934.16846
1595	3.0
1596	0.03950902899026122
1597	0.06515151515151515
1598	41.16214181936108
1599	366442511330.6106
1600	3.0
1601	0.04016605473577066
1602	0.06616161616161617
1603	41.127891092510154
1604	370916893554.27295
1605	3.0
1606	0.04082453673253229
1607	0.06717171717171717
1608	41.09359729404032
1609	375349940130.7822
1610	3.0
1611	0.041484479895038374
1612	0.06818181818181818
1613	41.05926024273536
1614	379741435752.1155
1615	3.0
1616	0.04214588917092374
1617	0.0691919191919192
1618	41.024879756086236
1619	384091164271.14404
1620	3.0
1621	0.04280876954129274
1622	0.07020202020202021
1623	40.990455650278186
1624	388398908696.1113
1625	3.0
1626	0.04347312602105078
1627	0.07121212121212121
1628	40.9559877401776
1629	392664451185.0547
1630	3.0
1631	0.04413896365923971
1632	0.07222222222222223
1633	40.92147583931877
1634	396887573040.16187
1635	3.0
1636	0.044806287539377855
1637	0.07323232323232323
1638	40.88691975989042
1639	401068054702.0552
1640	3.0
1641	0.04547510277980431
1642	0.07424242424242425
1643	40.85231931272209
1644	405205675744.0222
1645	3.0
1646	0.04614541453402766
1647	0.07525252525252525
1648	40.817674307270345
1649	409300214866.1726
1650	3.0
1651	0.04681722799107937
1652	0.07626262626262627
1653	40.78298455160478
1654	413351449889.5303
1655	3.0
1656	0.04749054837587165
1657	0.07727272727272727
1658	40.74824985239385
1659	417359157750.0547
1660	3.0
1661	0.048165380949559966
1662	0.07828282828282829
1663	40.71347001489056
1664	421323114492.5923
1665	3.0
1666	0.04884173100991058
1667	0.0792929292929293
1668	40.67864484291786
1669	425243095264.76416
1670	3.0
1671	0.049519603891672426
1672	0.0803030303030303
1673	40.643774138854006
1674	429118874310.77246
1675	3.0
1676	0.05019900496695464
1677	0.08131313131313131
1678	40.60885770361749
1679	432950224965.1394
1680	3.0
1681	0.050879939645608156
1682	0.08232323232323233
1683	40.57389533665207
1684	436736919646.3718
1685	3.0
1686	0.05156241337561333
1687	0.08333333333333334
1688	40.538886835911285
1689	440478729850.5493
1690	3.0
1691	0.05973927872008566
1692	0.08434343434343435
1693	39.578221344974935
1694	481186679462.4536
1695	3.0
1696	0.0605361715405347
1697	0.08535353535353535
1698	39.537356029817076
1699	484750621682.8838
1700	3.0
1701	0.06133522019250808
1702	0.08636363636363636
1703	39.49642489297821
1704	488252951923.60645
1705	3.0
1706	0.0621364341216292
1707	0.08737373737373738
1708	39.455427583160684
1709	491693298396.77783
1710	3.0
1711	0.06293982285485637
1712	0.08838383838383838
1713	39.41436374588902
1714	495071287402.8418
1715	3.0
1716	0.06374539600150272
1717	0.08939393939393939
1718	39.373233023469574
1719	498386543313.438
1720	3.0
1721	0.06455316325427296
1722	0.0904040404040404
1723	39.33203505494942
1724	501638688554.0654
1725	3.0
1726	0.06536313439031648
1727	0.09141414141414142
1728	39.29076947607476
1729	504827343586.4717
1730	3.0
1731	0.06617531927229861
1732	0.09242424242424244
1733	39.2494359192484
1734	507952126890.8081
1735	3.0
1736	0.06698972784948877
1737	0.09343434343434344
1738	39.2080340134867
1739	511012654947.50244
1740	3.0
1741	0.06780637015886695
1742	0.09444444444444444
1743	39.1665633843758
1744	514008542218.8672
1745	3.0
1746	0.0686252563262486
1747	0.09545454545454546
1748	39.125023654026926
1749	516939401130.4414
1750	3.0
1751	0.0694463965674279
1752	0.09646464646464648
1753	39.08341444103125
1754	519804842052.0303
1755	3.0
1756	0.07026980118934056
1757	0.09747474747474748
1758	39.04173536041372
1759	522604473278.48926
1760	3.0
1761	0.07109548059124594
1762	0.09848484848484848
1763	38.99998602358622
1764	525337901010.1875
1765	3.0
1766	0.07192344526592921
1767	0.0994949494949495
1768	38.958166038299964
1769	528004729333.1987
1770	3.0
1771	0.07275370580092332
1772	0.10050505050505051
1773	38.91627500859705
1774	530604560199.1665
1775	3.0
1776	0.0735862728797524
1777	0.10151515151515152
1778	38.87431253476118
1779	533136993404.88965
1780	3.0
1781	0.07442115728319613
1782	0.10252525252525252
1783	38.832278213267486
1784	535601626571.5547
1785	3.0
1786	0.07525836989057556
1787	0.10353535353535354
1788	38.79017163673159
1789	537998055123.6875
1790	3.0
1791	0.07609792168106086
1792	0.10454545454545455
1793	38.74799239385776
1794	540325872267.7466
1795	3.0
1796	0.07693982373500223
1797	0.10555555555555556
1798	38.70574006938607
1799	542584668970.3965
1800	3.0
1801	0.0777840872352833
1802	0.10656565656565657
1803	38.66341424403876
1804	544774033936.43604
1805	3.0
1806	0.0786307234686982
1807	0.10757575757575757
1808	38.6210144944656
1809	546893553586.3843
1810	3.0
1811	0.07947974382735255
1812	0.10858585858585859
1813	38.57854039318832
1814	548942812033.70166
1815	3.0
1816	0.08033115981008927
1817	0.10959595959595961
1818	38.535991508544
1819	550921391061.6572
1820	3.0
1821	0.08118498302393909
1822	0.11060606060606061
1823	38.493367404627556
1824	552828870099.8252
1825	3.0
1826	0.08204122518559698
1827	0.11161616161616161
1828	38.4506676412331
1829	554664826200.1958
1830	3.0
1831	0.08289989812292442
1832	0.11262626262626263
1833	38.407891773794354
1834	556428834012.9175
1835	3.0
1836	0.08376101377647871
1837	0.11363636363636363
1838	38.365039353323894
1839	558120465761.625
1840	3.0
1841	0.08462458420106934
1842	0.11464646464646465
1843	38.322109926351395
1844	559739291218.3848
1845	3.0
1846	0.08549062156734243
1847	0.11565656565656567
1848	38.27910303486072
1849	561284877678.2236
1850	3.0
1851	0.08635913816339356
1852	0.11666666666666667
1853	38.23601821622584
1854	562756789933.2388
1855	3.0
1856	0.08723014639641002
1857	0.11767676767676769
1858	38.192855003145645
1859	564154590246.269
1860	3.0
1861	0.11802190967677871
1862	0.11868686868686869
1863	34.16987915950054
1864	564871878742.002
1865	3.0
1866	0.11925907106945582
1867	0.1196969696969697
1868	34.110533250575216
1869	562991719055.0859
1870	3.0
1871	0.12050125495100342
1872	0.12070707070707071
1873	34.05102322482027
1874	560961073722.0107
1875	3.0
1876	0.12174850051008204
1877	0.12171717171717172
1878	33.99134758536501
1879	558778758963.7588
1880	3.0
1881	0.12300084752047427
1882	0.12272727272727273
1883	33.93150481223878
1884	556443579965.2734
1885	3.0
1886	0.12425833635368122
1887	0.12373737373737374
1888	33.87149336186866
1889	553954330683.4004
1890	3.0
1891	0.12552100799187152
1892	0.12474747474747475
1893	33.81131166656298
1894	551309793649.8301
1895	3.0
1896	0.12678890404119528
1897	0.12575757575757576
1898	33.75095813398028
1899	548508739768.86523
1900	3.0
1901	0.1280620667454751
1902	0.12676767676767675
1903	33.69043114658304
1904	545549928109.8623
1905	3.0
1906	0.12934053900028808
1907	0.12777777777777777
1908	33.629729061075764
1909	542432105694.13184
1910	3.0
1911	0.13062436436745145
1912	0.12878787878787878
1913	33.568850207826976
1914	539154007276.166
1915	3.0
1916	0.13191358708992806
1917	0.1297979797979798
1918	33.50779289027416
1919	535714355118.9258
1920	3.0
1921	0.13320825210716372
1922	0.13080808080808082
1923	33.44655538431158
1924	532111858763.0703
1925	3.0
1926	0.13450840507087558
1927	0.13181818181818183
1928	33.38513593765984
1929	528345214789.833
1930	3.0
1931	0.13581409236130412
1932	0.13282828282828285
1933	33.32353276921694
1934	524413106577.3955
1935	3.0
1936	0.1371253611039482
1937	0.13383838383838384
1938	33.26174406838989
1939	520314204050.4922
1940	3.0
1941	0.1384422591868004
1942	0.13484848484848486
1943	33.199767994406244
1944	516047163423.0049
1945	3.0
1946	0.1397648352780992
1947	0.13585858585858585
1948	33.137602675604896
1949	511610626933.333
1950	3.0
1951	0.14109313884461994
1952	0.13686868686868686
1953	33.07524620870524
1954	507003222572.2451
1955	3.0
1956	0.14242722017052345
1957	0.13787878787878788
1958	33.012696658053855
1959	502223563802.95703
1960	3.0
1961	0.1437671303767816
1962	0.1388888888888889
1963	32.94995205484821
1964	497270249273.16113
1965	3.0
1966	0.14511292144120516
1967	0.1398989898989899
1968	32.887010396335924
1969	492141862518.6914
1970	3.0
1971	0.14646464621909366
1972	0.14090909090909093
1973	32.82386964498923
1974	486836971658.5381
1975	3.0
1976	0.14782235846453348
1977	0.14191919191919192
1978	32.76052772765332
1979	481354129080.9131
1980	3.0
1981	0.14918611285236683
1982	0.14292929292929293
1983	32.69698253466769
1984	475691871119.9385
1985	3.0
1986	0.15055596500086063
1987	0.14393939393939392
1988	32.63323191895943
1989	469848717722.74023
1990	3.0
1991	0.1519319714951001
1992	0.14494949494949494
1993	32.569273695107384
1994	463823172106.48145
1995	3.0
1996	0.15331418991113738
1997	0.14595959595959596
1998	32.50510563837582
1999	457613720404.98145
2000	3.0
2001	0.15470267884092428
2002	0.14696969696969697
2003	32.44072548371681
2004	451218831304.5547
2005	3.0
2006	0.1560974979180613
2007	0.147979797979798
2008	32.37613092473954
2009	444636955668.5869
2010	3.0
2011	0.1574987078443947
2012	0.148989898989899
2013	32.31131961264573
2014	437866526150.48145
2015	3.0
2016	0.15890637041749822
2017	0.15
2018	32.24628915512932
2019	430905956794.44824
2020	4.0
2021	0.034646484071945996
2022	0.05
2023	33.71170605186628
2024	186665531282.49146
2025	4.0
2026	0.034646484071945996
2027	0.05
2028	33.71170605186628
2029	186665531282.49146
2030	4.0
2031	0.03538319363879052
2032	0.05101010101010101
2033	33.68169267393487
2034	189726970068.95667
2035	4.0
2036	0.036121458612402325
2037	0.05202020202020202
2038	33.65163556072643
2039	192758144892.5327
2040	4.0
2041	0.03686128531361352
2042	0.05303030303030303
2043	33.62153450764362
2044	195758922271.83655
2045	4.0
2046	0.0376026801116083
2047	0.05404040404040404
2048	33.59138930847051
2049	198729168098.36
2050	4.0
2051	0.038345649424455064
2052	0.05505050505050505
2053	33.5611997553546
2054	201668747631.10974
2055	4.0
2056	0.03909019971964559
2057	0.05606060606060606
2058	33.53096563878854
2059	204577525491.18347
2060	4.0
2061	0.039836337514642335
2062	0.05707070707070708
2063	33.500686747591665
2064	207455365656.2705
2065	4.0
2066	0.04058406937743339
2067	0.05808080808080808
2068	33.47036286889119
2069	210302131455.08374
2070	4.0
2071	0.04133340192709553
2072	0.0590909090909091
2073	33.439993788103166
2074	213117685561.71643
2075	4.0
2076	0.04208434183436519
2077	0.0601010101010101
2078	33.40957928891314
2079	215901889989.92883
2080	4.0
2081	0.042836895822218106
2082	0.061111111111111116
2083	33.379119153256596
2084	218654606087.35364
2085	4.0
2086	0.04359107066645688
2087	0.062121212121212126
2088	33.348613161299
2089	221375694529.62988
2090	4.0
2091	0.044346873196307646
2092	0.06313131313131314
2093	33.31806109141564
2094	224065015314.45728
2095	4.0
2096	0.04510431029502497
2097	0.06414141414141414
2098	33.28746272017117
2099	226722427755.5708
2100	4.0
2101	0.04586338890050603
2102	0.06515151515151515
2103	33.256817822298785
2104	229347790476.63367
2105	4.0
2106	0.046624116005913645
2107	0.06616161616161617
2108	33.22612617067912
2109	231940961405.05164
2110	4.0
2111	0.047386498660308446
2112	0.06717171717171717
2113	33.195387536318925
2114	234501797765.70166
2115	4.0
2116	0.04815054396929077
2117	0.06818181818181818
2118	33.16460168832919
2119	237030156074.57544
2120	4.0
2121	0.04891625909565163
2122	0.0691919191919192
2123	33.13376839390327
2124	239525892132.33643
2125	4.0
2126	0.049683651260033664
2127	0.07020202020202021
2128	33.10288741829435
2129	241988861017.79224
2130	4.0
2131	0.05045272774160214
2132	0.07121212121212121
2133	33.07195852479285
2134	244418917081.27417
2135	4.0
2136	0.058599948900557926
2137	0.07222222222222223
2138	32.21945373795667
2139	267827417063.136
2140	4.0
2141	0.05949578473510009
2142	0.07323232323232323
2143	32.18334698601708
2144	270143409273.61816
2145	4.0
2146	0.06039398501153226
2147	0.07424242424242425
2148	32.14717220626033
2149	272414697962.56396
2150	4.0
2151	0.061294562283047097
2152	0.07525252525252525
2153	32.11092898961029
2154	274641044294.12476
2155	4.0
2156	0.06219752922676909
2157	0.07626262626262627
2158	32.07461692283212
2159	276822207919.458
2160	4.0
2161	0.0631028986455098
2162	0.07727272727272727
2163	32.03823558847285
2164	278957946959.4324
2165	4.0
2166	0.064010683469555
2167	0.07828282828282829
2168	32.00178456480082
2169	281048017987.042
2170	4.0
2171	0.06492089675848522
2172	0.0792929292929293
2173	31.965263425744
2174	283092176009.532
2175	4.0
2176	0.06583355170302997
2177	0.0803030303030303
2178	31.928671740827134
2179	285090174450.20654
2180	4.0
2181	0.06674866162695586
2182	0.08131313131313131
2183	31.892009075107794
2184	287041765129.93823
2185	4.0
2186	0.0676662399889909
2187	0.08232323232323233
2188	31.85527498911115
2189	288946698248.35156
2190	4.0
2191	0.06858630038478429
2192	0.08333333333333334
2193	31.818469038763517
2194	290804722364.6865
2195	4.0
2196	0.069508856548903
2197	0.08434343434343435
2198	31.781590775324737
2199	292615584378.3323
2200	4.0
2201	0.07043392235686674
2202	0.08535353535353535
2203	31.744639745319112
2204	294379029509.01733
2205	4.0
2206	0.07136151182722114
2207	0.08636363636363636
2208	31.707615490465194
2209	296094801276.65454
2210	4.0
2211	0.0722916391236504
2212	0.08737373737373738
2213	31.670517547604078
2214	297762641480.83813
2215	4.0
2216	0.07322431855713081
2217	0.08838383838383838
2218	31.633345448626436
2219	299382290179.9717
2220	4.0
2221	0.07415956458812542
2222	0.08939393939393939
2223	31.596098720398032
2224	300953485670.02637
2225	4.0
2226	0.07509739182882115
2227	0.0904040404040404
2228	31.558776884683915
2229	302475964462.9297
2230	4.0
2231	0.07603781504540928
2232	0.09141414141414142
2233	31.521379458071017
2234	303949461264.55444
2235	4.0
2236	0.07698084916041102
2237	0.09242424242424244
2238	31.483905951889234
2239	305373708952.3235
2240	4.0
2241	0.0779265092550472
2242	0.09343434343434344
2243	31.44635587213113
2244	306748438552.4021
2245	4.0
2246	0.07887481057165635
2247	0.09444444444444444
2248	31.408728719369776
2249	308073379216.48145
2250	4.0
2251	0.07982576851615908
2252	0.09545454545454546
2253	31.37102398867524
2254	309348258198.13135
2255	4.0
2256	0.08077939866057227
2257	0.09646464646464648
2258	31.333241169529167
2259	310572800828.7334
2260	4.0
2261	0.0817357167455728
2262	0.09747474747474748
2263	31.295379745737826
2264	311746730492.95166
2265	4.0
2266	0.08269473868311308
2267	0.09848484848484848
2268	31.25743919534333
2269	312869768603.7654
2270	4.0
2271	0.08365648055908881
2272	0.0994949494949495
2273	31.21941899053307
2274	313941634577.03125
2275	4.0
2276	0.11244817175575648
2277	0.10050505050505051
2278	27.578788753367263
2279	321620225545.3086
2280	4.0
2281	0.11379372356698107
2282	0.10151515151515152
2283	27.526595829837724
2284	320861819172.00635
2285	4.0
2286	0.11514476622876635
2287	0.10252525252525252
2288	27.474238300088288
2289	320003418627.979
2290	4.0
2291	0.11650134977925193
2292	0.10353535353535354
2293	27.421714508147744
2294	319044254187.0708
2295	4.0
2296	0.11786352508984105
2297	0.10454545454545455
2298	27.369022769882903
2299	317983547303.53467
2300	4.0
2301	0.1192313438850417
2302	0.10555555555555556
2303	27.316161372323144
2304	316820510431.27637
2305	4.0
2306	0.12060485876292075
2307	0.10656565656565657
2308	27.263128572964007
2309	315554346837.8784
2310	4.0
2311	0.12198412321619555
2312	0.10757575757575757
2313	27.20992259904888
2314	314184250413.16846
2315	4.0
2316	0.12336919165398744
2317	0.10858585858585859
2318	27.15654164682821
2319	312709405472.17236
2320	4.0
2321	0.12476011942426156
2322	0.10959595959595961
2323	27.10298388079518
2324	311128986552.2134
2325	4.0
2326	0.12615696283698252
2327	0.11060606060606061
2328	27.049247432896863
2329	309442158203.9663
2330	4.0
2331	0.12755977918801034
2332	0.11161616161616161
2333	26.995330401720132
2334	307648074776.2046
2335	4.0
2336	0.12896862678376858
2337	0.11262626262626263
2338	26.941230851651156
2339	305745880194.03125
2340	4.0
2341	0.13038356496671455
2342	0.11363636363636363
2343	26.886946812007416
2344	303734707730.3262
2345	4.0
2346	0.13180465414164363
2347	0.11464646464646465
2348	26.83247627614122
2349	301613679770.1494
2350	4.0
2351	0.13323195580286176
2352	0.11565656565656567
2353	26.77781720051351
2354	299381907567.8418
2355	4.0
2356	0.1346655325622603
2357	0.11666666666666667
2358	26.72296750373682
2359	297038490996.51025
2360	4.0
2361	0.13610544817833298
2362	0.11767676767676769
2363	26.667925065585962
2364	294582518289.6162
2365	4.0
2366	0.13755176758616955
2367	0.11868686868686869
2368	26.612687725975302
2369	292013065774.3574
2370	4.0
2371	0.13900455692847136
2372	0.1196969696969697
2373	26.55725328390112
2374	289329197596.4878
2375	4.0
2376	0.14046388358762849
2377	0.12070707070707071
2378	26.501619496347505
2379	286529965436.2534
2380	4.0
2381	0.14192981621890494
2382	0.12171717171717172
2383	26.445784077154492
2384	283614408215.08203
2385	4.0
2386	0.14340242478477747
2387	0.12272727272727273
2388	26.389744695846563
2389	280581551792.625
2390	4.0
2391	0.14488178059048076
2392	0.12373737373737374
2393	26.333498976419932
2394	277430408653.77295
2395	4.0
2396	0.14636795632080649
2397	0.12474747474747475
2398	26.27704449608688
2399	274159977585.2163
2400	4.0
2401	0.14786102607821525
2402	0.12575757575757576
2403	26.220378783975118
2404	270769243341.1123
2405	4.0
2406	0.14936106542231678
2407	0.12676767676767675
2408	26.163499319780335
2409	267257176297.40625
2410	4.0
2411	0.1508681514107797
2412	0.12777777777777777
2413	26.106403532369715
2414	263622732094.29102
2415	4.0
2416	0.15238236264173372
2417	0.12878787878787878
2418	26.049088798334424
2419	259864851266.33887
2420	4.0
2421	1.0
2422	0.1297979797979798
2423	-10.5
2424	0.0
2425	4.0
2426	1.0
2427	0.13080808080808082
2428	-10.5
2429	0.0
2430	4.0
2431	1.0
2432	0.13181818181818183
2433	-10.5
2434	0.0
2435	4.0
2436	1.0
2437	0.13282828282828285
2438	-10.5
2439	0.0
2440	4.0
2441	1.0
2442	0.13383838383838384
2443	-10.5
2444	0.0
2445	4.0
2446	1.0
2447	0.13484848484848486
2448	-58.0
2449	0.0
2450	4.0
2451	1.0
2452	0.13585858585858585
2453	-58.0
2454	0.0
2455	4.0
2456	1.0
2457	0.13686868686868686
2458	-58.0
2459	0.0
2460	4.0
2461	1.0
2462	0.13787878787878788
2463	-58.0
2464	0.0
2465	4.0
2466	1.0
2467	0.1388888888888889
2468	-58.0
2469	0.0
2470	4.0
2471	1.0
2472	0.1398989898989899
2473	-58.0
2474	0.0
2475	4.0
2476	1.0
2477	0.14090909090909093
2478	-58.0
2479	0.0
2480	4.0
2481	1.0
2482	0.14191919191919192
2483	-58.0
2484	0.0
2485	4.0
2486	1.0
2487	0.14292929292929293
2488	-58.0
2489	0.0
2490	4.0
2491	1.0
2492	0.14393939393939392
2493	-58.0
2494	0.0
2495	4.0
2496	1.0
2497	0.14494949494949494
2498	-58.0
2499	0.0
2500	4.0
2501	1.0
2502	0.14595959595959596
2503	-58.0
2504	0.0
2505	4.0
2506	1.0
2507	0.14696969696969697
2508	-58.0
2509	0.0
2510	4.0
2511	1.0
2512	0.147979797979798
2513	-58.0
2514	0.0
2515	4.0
2516	1.0
2517	0.148989898989899
2518	-58.0
2519	0.0
2520	4.0
2521	1.0
2522	0.15
2523	-58.0
2524	0.0
2525	5.0
2526	0.04019118718296628
2527	0.05
2528	27.872939805871685
2529	133681995720.9143
2530	5.0
2531	0.04019118718296628
2532	0.05
2533	27.872939805871685
2534	133681995720.9143
2535	5.0
2536	0.04104774526641321
2537	0.05101010101010101
2538	27.844614243211197
2539	135754830592.45508
2540	5.0
2541	0.041906217512861325
2542	0.05202020202020202
2543	27.81623918186654
2544	137800991623.22192
2545	5.0
2546	0.04276661350362881
2547	0.05303030303030303
2548	27.78781434968735
2549	139820365399.51538
2550	5.0
2551	0.04362894290703378
2552	0.05404040404040404
2553	27.759339471999855
2554	141812837831.3706
2555	5.0
2556	0.04449321547952038
2557	0.05505050505050505
2558	27.730814271573973
2559	143778294145.26123
2560	5.0
2561	0.04535944106680355
2562	0.05606060606060606
2563	27.702238468589815
2564	145716618876.68872
2565	5.0
2566	0.046227629605033155
2567	0.05707070707070708
2568	27.67361178060375
2569	147627695862.65747
2570	5.0
2571	0.047097791121977796
2572	0.05808080808080808
2573	27.644933922513744
2574	149511408234.03333
2575	5.0
2576	0.047969935738228664
2577	0.0590909090909091
2578	27.6162046065242
2579	151367638407.78162
2580	5.0
2581	0.04884407366842373
2582	0.0601010101010101
2583	27.587423542110194
2584	153196268079.0829
2585	5.0
2586	0.04972021522249325
2587	0.061111111111111116
2588	27.55859043598105
2589	154997178213.32727
2590	5.0
2591	0.05792598567703802
2592	0.062121212121212126
2593	26.77206520149542
2594	170327753402.9403
2595	5.0
2596	0.05894597401700585
2597	0.06313131313131314
2598	26.738395697628217
2599	172041208450.1781
2600	5.0
2601	0.059968780744982284
2602	0.06414141414141414
2603	26.70465243497245
2604	173717148274.03137
2605	5.0
2606	0.06099442363115349
2607	0.06515151515151515
2608	26.67083490720725
2609	175355376259.1006
2610	5.0
2611	0.0620229206476024
2612	0.06616161616161617
2613	26.636942602148377
2614	176955694270.04553
2615	5.0
2616	0.06305428997157657
2617	0.06717171717171717
2618	26.602975001652638
2619	178517902630.7085
2620	5.0
2621	0.06408854998882524
2622	0.06818181818181818
2623	26.568931581520356
2624	180041800102.83337
2625	5.0
2626	0.0651257192970061
2627	0.0691919191919192
2628	26.534811811395706
2629	181527183864.37207
2630	5.0
2631	0.06616581670916469
2632	0.07020202020202021
2633	26.50061515466496
2634	182973849487.35767
2635	5.0
2636	0.06720886125728784
2637	0.07121212121212121
2638	26.466341068352545
2639	184381590915.34937
2640	5.0
2641	0.06825487219593245
2642	0.07222222222222223
2643	26.431989003014966
2644	185750200440.42615
2645	5.0
2646	0.06930386900593322
2647	0.07323232323232323
2648	26.397558402632242
2649	187079468679.71875
2650	5.0
2651	0.07035587139818966
2652	0.07424242424242425
2653	26.363048704497185
2654	188369184551.4784
2655	5.0
2656	0.07141089931753553
2657	0.07525252525252525
2658	26.328459339102185
2659	189619135250.65698
2660	5.0
2661	0.07246897294669265
2662	0.07626262626262627
2663	26.293789730023516
2664	190829106223.99512
2665	5.0
2666	0.07353011271031137
2667	0.07727272727272727
2668	26.25903929380309
2669	191998881144.60583
2670	5.0
2671	0.07459433927909988
2672	0.07828282828282829
2673	26.224207439827637
2674	193128241886.03137
2675	5.0
2676	0.07566167357404475
2677	0.0792929292929293
2678	26.189293570205194
2679	194216968495.7743
2680	5.0
2681	0.07673213677072581
2682	0.0803030303030303
2683	26.154297079638784
2684	195264839168.27478
2685	5.0
2686	0.0778057503037269
2687	0.08131313131313131
2688	26.11921735529734
2689	196271630217.32874
2690	5.0
2691	0.07888253587114591
2692	0.08232323232323233
2693	26.084053776683678
2694	197237116047.93018
2695	5.0
2696	0.07996251543920666
2697	0.08333333333333334
2698	26.04880571549947
2699	198161069127.51904
2700	5.0
2701	0.08104571124697538
2702	0.08434343434343435
2703	26.013472535507184
2704	199043259956.62378
2705	5.0
2706	0.08213214581118466
2707	0.08535353535353535
2708	25.978053592388807
2709	199883457038.8789
2710	5.0
2711	0.11019124306570519
2712	0.08636363636363636
2713	22.56008183033374
2714	206578291976.52783
2715	5.0
2716	0.1117009766708455
2717	0.08737373737373738
2718	22.511458735624874
2719	206146007018.41748
2720	5.0
2721	0.11321727564120905
2722	0.08838383838383838
2723	22.462658991738866
2724	205633153894.87524
2725	5.0
2726	0.11474020992260558
2727	0.08939393939393939
2728	22.413680585661687
2729	205039087763.54443
2730	5.0
2731	0.11626985078817056
2732	0.0904040404040404
2733	22.364521465635974
2734	204363154852.57886
2735	5.0
2736	0.11780627087423853
2737	0.09141414141414142
2738	22.315179540108446
2739	203604692247.0996
2740	5.0
2741	0.11934954421747558
2742	0.09242424242424244
2743	22.265652676640205
2744	202763027668.59546
2745	5.0
2746	0.12089974629332592
2747	0.09343434343434344
2748	22.215938700778377
2749	201837479246.95508
2750	5.0
2751	0.12245695405583046
2752	0.09444444444444444
2753	22.166035394887405
2754	200827355284.8479
2755	5.0
2756	0.12402124597887597
2757	0.09545454545454546
2758	22.11594049693822
2759	199731954014.1001
2760	5.0
2761	0.1255927020989414
2762	0.09646464646464648
2763	22.065651699253262
2764	198550563343.7473
2765	5.0
2766	0.1271714040594047
2767	0.09747474747474748
2768	22.015166647205724
2769	197282460599.38916
2770	5.0
2771	0.12875743515648333
2772	0.09848484848484848
2773	21.964482937870535
2774	195926912253.4795
2775	5.0
2776	0.13035088038688114
2777	0.0994949494949495
2778	21.91359811862522
2779	194483173646.14233
2780	5.0
2781	0.13195182649722095
2782	0.10050505050505051
2783	21.862509685698093
2784	192950488696.10425
2785	5.0
2786	0.1335603620353436
2787	0.10151515151515152
2788	21.811215082661572
2789	191328089601.30322
2790	5.0
2791	0.13517657740356298
2792	0.10252525252525252
2793	21.759711698867832
2794	189615196528.6953
2795	5.0
2796	0.1368005649139672
2797	0.10353535353535354
2798	21.70799686782418
2799	187811017292.78833
2800	5.0
2801	0.13843241884586255
2802	0.10454545454545455
2803	21.656067865505396
2804	185914747022.3706
2805	5.0
2806	0.14007223550546546
2807	0.10555555555555556
2808	21.60392190859979
2809	183925567814.89404
2810	5.0
2811	0.1417201132879476
2812	0.10656565656565657
2813	21.55155615268594
2814	181842648377.93848
2815	5.0
2816	0.1433761527419507
2817	0.10757575757575757
2818	21.498967690336713
2819	179665143657.14917
2820	5.0
2821	0.14504045663669227
2822	0.10858585858585859
2823	21.44615354914692
2824	177392194449.9973
2825	5.0
2826	0.14671313003179012
2827	0.10959595959595961
2828	21.39311068968085
2829	175022927004.69336
2830	5.0
2831	0.14839428034994184
2832	0.11060606060606061
2833	21.33983600333571
2834	172556452603.52393
2835	5.0
2836	1.0
2837	0.11161616161616161
2838	-58.0
2839	0.0
2840	5.0
2841	1.0
2842	0.11262626262626263
2843	-58.0
2844	0.0
2845	5.0
2846	1.0
2847	0.11363636363636363
2848	-58.0
2849	0.0
2850	5.0
2851	1.0
2852	0.11464646464646465
2853	-58.0
2854	0.0
2855	5.0
2856	1.0
2857	0.11565656565656567
2858	-58.0
2859	0.0
2860	5.0
2861	1.0
2862	0.11666666666666667
2863	-58.0
2864	0.0
2865	5.0
2866	1.0
2867	0.11767676767676769
2868	-58.0
2869	0.0
2870	5.0
2871	1.0
2872	0.11868686868686869
2873	-58.0
2874	0.0
2875	5.0
2876	1.0
2877	0.1196969696969697
2878	-58.0
2879	0.0
2880	5.0
2881	1.0
2882	0.12070707070707071
2883	-58.0
2884	0.0
2885	5.0
2886	1.0
2887	0.12171717171717172
2888	-56.0
2889	0.0
2890	5.0
2891	1.0
2892	0.12272727272727273
2893	-56.0
2894	0.0
2895	5.0
2896	1.0
2897	0.12373737373737374
2898	-56.0
2899	0.0
2900	5.0
2901	1.0
2902	0.12474747474747475
2903	-56.0
2904	0.0
2905	5.0
2906	1.0
2907	0.12575757575757576
2908	-56.0
2909	0.0
2910	5.0
2911	1.0
2912	0.12676767676767675
2913	-56.0
2914	0.0
2915	5.0
2916	1.0
2917	0.12777777777777777
2918	-56.0
2919	0.0
2920	5.0
2921	1.0
2922	0.12878787878787878
2923	-56.0
2924	0.0
2925	5.0
2926	1.0
2927	0.1297979797979798
2928	-56.0
2929	0.0
2930	5.0
2931	1.0
2932	0.13080808080808082
2933	-56.0
2934	0.0
2935	5.0
2936	1.0
2937	0.13181818181818183
2938	-56.0
2939	0.0
2940	5.0
2941	1.0
2942	0.13282828282828285
2943	-56.0
2944	0.0
2945	5.0
2946	1.0
2947	0.13383838383838384
2948	-56.0
2949	0.0
2950	5.0
2951	1.0
2952	0.13484848484848486
2953	-56.0
2954	0.0
2955	5.0
2956	1.0
2957	0.13585858585858585
2958	-62.0
2959	0.0
2960	5.0
2961	1.0
2962	0.13686868686868686
2963	-62.0
2964	0.0
2965	5.0
2966	1.0
2967	0.13787878787878788
2968	-62.0
2969	0.0
2970	5.0
2971	1.0
2972	0.1388888888888889
2973	-62.0
2974	0.0
2975	5.0
2976	1.0
2977	0.1398989898989899
2978	-62.0
2979	0.0
2980	5.0
2981	1.0
2982	0.14090909090909093
2983	-62.0
2984	0.0
2985	5.0
2986	1.0
2987	0.14191919191919192
2988	-62.0
2989	0.0
2990	5.0
2991	1.0
2992	0.14292929292929293
2993	-62.0
2994	0.0
2995	5.0
2996	1.0
2997	0.14393939393939392
2998	-62.0
2999	0.0
3000	5.0
3001	1.0
3002	0.14494949494949494
3003	-62.0
3004	0.0
3005	5.0
3006	1.0
3007	0.14595959595959596
3008	-62.0
3009	0.0
3010	5.0
3011	1.0
3012	0.14696969696969697
3013	-62.0
3014	0.0
3015	5.0
3016	1.0
3017	0.147979797979798
3018	-62.0
3019	0.0
3020	5.0
3021	1.0
3022	0.148989898989899
3023	-62.0
3024	0.0
3025	5.0
3026	1.0
3027	0.15
3028	-62.0
3029	0.0
3030	6.0
3031	0.046198601977025695
3032	0.05
3033	23.49877189113033
3034	102423996375.09589
3035	6.0
3036	0.046198601977025695
3037	0.05
3038	23.49877189113033
3039	102423996375.09589
3040	6.0
3041	0.047187671099859906
3042	0.05101010101010101
3043	23.47126523812421
3044	103909269434.00037
3045	6.0
3046	0.048179169788151004
3047	0.05202020202020202
3048	23.443701638989808
3049	105369695957.22937
3050	6.0
3051	0.049173112693499
3052	0.05303030303030303
3053	23.416080726905143
3054	106805166236.79468
3055	6.0
3056	0.057472490833735276
3057	0.05404040404040404
3058	22.673769034736434
3059	117685866236.2406
3060	6.0
3061	0.058629806392635576
3062	0.05505050505050505
3063	22.641502690882753
3064	119047822585.64404
3065	6.0
3066	0.05979056717913789
3067	0.05606060606060606
3068	22.609155123081713
3069	120376033366.79065
3070	6.0
3071	0.060954798493868284
3072	0.05707070707070708
3073	22.576725697108525
3074	121670316186.63684
3075	6.0
3076	0.062122525965901836
3077	0.05808080808080808
3078	22.544213770394553
3079	122930486969.47339
3080	6.0
3081	0.06329377555881724
3082	0.0590909090909091
3083	22.51161869187273
3084	124156359929.9591
3085	6.0
3086	0.06446857357689573
3087	0.0601010101010101
3088	22.4789398018193
3089	125347747545.55994
3090	6.0
3091	0.06564694667146913
3092	0.061111111111111116
3093	22.446176431691732
3094	126504460528.3678
3095	6.0
3096	0.06682892184742117
3097	0.062121212121212126
3098	22.413327903962646
3099	127626307796.28882
3100	6.0
3101	0.06801452646984639
3102	0.06313131313131314
3103	22.38039353194982
3104	128713096443.5758
3105	6.0
3106	0.06920378827087181
3107	0.06414141414141414
3108	22.347372619641945
3109	129764631710.69202
3110	6.0
3111	0.07039673535664581
3112	0.06515151515151515
3113	22.314264461520118
3114	130780716953.48438
3115	6.0
3116	0.07159339621449971
3117	0.06616161616161617
3118	22.28106834237492
3119	131761153611.64587
3120	6.0
3121	0.07279379972028685
3122	0.06717171717171717
3123	22.24778353711893
3124	132705741176.4491
3125	6.0
3126	0.07399797514590489
3127	0.06818181818181818
3128	22.2144093105946
3129	133614277157.72546
3130	6.0
3131	0.07520595216700679
3132	0.0691919191919192
3133	22.18094491737723
3134	134486557050.07324
3135	6.0
3136	0.07641776087090646
3137	0.07020202020202021
3138	22.147389601572957
3139	135322374298.26428
3140	6.0
3141	0.07763343176468501
3142	0.07121212121212121
3143	22.113742596611704
3144	136121520261.83496
3145	6.0
3146	0.0788529957835037
3147	0.07222222222222223
3148	22.080003125034697
3149	136883784178.82764
3150	6.0
3151	0.08007648429913068
3152	0.07323232323232323
3153	22.04617039827661
3154	137608953128.66467
3155	6.0
3156	0.08130392912868734
3157	0.07424242424242425
3158	22.012243616442035
3159	138296811994.12317
3160	6.0
3161	0.10907810859693913
3162	0.07525252525252525
3163	18.741524726544064
3164	143571754981.63904
3165	6.0
3166	0.11077815458499318
3167	0.07626262626262627
3168	18.69492556314321
3169	143275264999.2594
3170	6.0
3171	0.1124862576423754
3172	0.07727272727272727
3173	18.64813261875867
3174	142907857418.7931
3175	6.0
3176	0.11420251697464649
3177	0.07828282828282829
3178	18.6011433890212
3179	142468924520.52588
3180	6.0
3181	0.11592703393046194
3182	0.0792929292929293
3183	18.55395531491526
3184	141957848631.7279
3185	6.0
3186	0.11765991206739226
3187	0.0803030303030303
3188	18.50656578109415
3189	141374001852.3252
3190	6.0
3191	0.11940125722037084
3192	0.08131313131313131
3193	18.458972114127707
3194	140716745770.22095
3195	6.0
3196	0.12115117757289773
3197	0.08232323232323233
3198	18.411171580679337
3199	139985431165.77783
3200	6.0
3201	0.12290978373113783
3202	0.08333333333333334
3203	18.36316138560877
3204	139179397704.9419
3205	6.0
3206	0.12467718880105763
3207	0.08434343434343435
3208	18.314938669996867
3209	138297973620.45337
3210	6.0
3211	0.12645350846875525
3212	0.08535353535353535
3213	18.266500509088466
3214	137340475380.56787
3215	6.0
3216	0.12823886108414598
3217	0.08636363636363636
3218	18.217843910149167
3219	136306207344.6665
3220	6.0
3221	0.1300333677481775
3222	0.08737373737373738
3223	18.16896581023146
3224	135194461405.10645
3225	6.0
3226	0.13183715240375715
3227	0.08838383838383838
3228	18.11986307384569
3229	134004516614.61572
3230	6.0
3231	0.13365034193058856
3232	0.08939393939393939
3233	18.07053249053058
3234	132735638798.49927
3235	6.0
3236	0.13547306624412242
3237	0.0904040404040404
3238	18.020970772318243
3239	131387080150.87866
3240	6.0
3241	0.1373054583988445
3242	0.09141414141414142
3243	17.971174551087785
3244	129958078814.13184
3245	6.0
3246	0.1391476546961337
3247	0.09242424242424244
3248	17.92114037580168
3249	128447858440.66113
3250	6.0
3251	0.1409997947969419
3252	0.09343434343434344
3253	17.870864709618242
3254	126855627736.0503
3255	6.0
3256	0.14286202183955954
3257	0.09444444444444444
3258	17.820343926873658
3259	125180579982.61621
3260	6.0
3261	0.1447344825627527
3262	0.09545454545454546
3263	17.769574309925986
3264	123421892542.29517
3265	6.0
3266	1.0
3267	0.09646464646464648
3268	-58.0
3269	0.0
3270	6.0
3271	1.0
3272	0.09747474747474748
3273	-58.0
3274	0.0
3275	6.0
3276	1.0
3277	0.09848484848484848
3278	-58.0
3279	0.0
3280	6.0
3281	1.0
3282	0.0994949494949495
3283	-58.0
3284	0.0
3285	6.0
3286	1.0
3287	0.10050505050505051
3288	-58.0
3289	0.0
3290	6.0
3291	1.0
3292	0.10151515151515152
3293	-56.0
3294	0.0
3295	6.0
3296	1.0
3297	0.10252525252525252
3298	-56.0
3299	0.0
3300	6.0
3301	1.0
3302	0.10353535353535354
3303	-56.0
3304	0.0
3305	6.0
3306	1.0
3307	0.10454545454545455
3308	-56.0
3309	0.0
3310	6.0
3311	1.0
3312	0.10555555555555556
3313	-56.0
3314	0.0
3315	6.0
3316	1.0
3317	0.10656565656565657
3318	-56.0
3319	0.0
3320	6.0
3321	1.0
3322	0.10757575757575757
3323	-56.0
3324	0.0
3325	6.0
3326	1.0
3327	0.10858585858585859
3328	-56.0
3329	0.0
3330	6.0
3331	1.0
3332	0.10959595959595961
3333	-56.0
3334	0.0
3335	6.0
3336	1.0
3337	0.11060606060606061
3338	-56.0
3339	0.0
3340	6.0
3341	1.0
3342	0.11161616161616161
3343	-56.0
3344	0.0
3345	6.0
3346	1.0
3347	0.11262626262626263
3348	-56.0
3349	0.0
3350	6.0
3351	1.0
3352	0.11363636363636363
3353	-62.0
3354	0.0
3355	6.0
3356	1.0
3357	0.11464646464646465
3358	-62.0
3359	0.0
3360	6.0
3361	1.0
3362	0.11565656565656567
3363	-62.0
3364	0.0
3365	6.0
3366	1.0
3367	0.11666666666666667
3368	-62.0
3369	0.0
3370	6.0
3371	1.0
3372	0.11767676767676769
3373	-62.0
3374	0.0
3375	6.0
3376	1.0
3377	0.11868686868686869
3378	-62.0
3379	0.0
3380	6.0
3381	1.0
3382	0.1196969696969697
3383	-62.0
3384	0.0
3385	6.0
3386	1.0
3387	0.12070707070707071
3388	-62.0
3389	0.0
3390	6.0
3391	1.0
3392	0.12171717171717172
3393	-62.0
3394	0.0
3395	6.0
3396	1.0
3397	0.12272727272727273
3398	-62.0
3399	0.0
3400	6.0
3401	1.0
3402	0.12373737373737374
3403	-62.0
3404	0.0
3405	6.0
3406	1.0
3407	0.12474747474747475
3408	-62.0
3409	0.0
3410	6.0
3411	1.0
3412	0.12575757575757576
3413	-60.0
3414	0.0
3415	6.0
3416	1.0
3417	0.12676767676767675
3418	-60.0
3419	0.0
3420	6.0
3421	1.0
3422	0.12777777777777777
3423	-60.0
3424	0.0
3425	6.0
3426	1.0
3427	0.12878787878787878
3428	-60.0
3429	0.0
3430	6.0
3431	1.0
3432	0.1297979797979798
3433	-60.0
3434	0.0
3435	6.0
3436	1.0
3437	0.13080808080808082
3438	-60.0
3439	0.0
3440	6.0
3441	1.0
3442	0.13181818181818183
3443	-60.0
3444	0.0
3445	6.0
3446	1.0
3447	0.13282828282828285
3448	-60.0
3449	0.0
3450	6.0
3451	1.0
3452	0.13383838383838384
3453	-60.0
3454	0.0
3455	6.0
3456	1.0
3457	0.13484848484848486
3458	-60.0
3459	0.0
3460	6.0
3461	1.0
3462	0.13585858585858585
3463	-60.0
3464	0.0
3465	6.0
3466	1.0
3467	0.13686868686868686
3468	-60.0
3469	0.0
3470	6.0
3471	1.0
3472	0.13787878787878788
3473	-60.0
3474	0.0
3475	6.0
3476	1.0
3477	0.1388888888888889
3478	-60.0
3479	0.0
3480	6.0
3481	1.0
3482	0.1398989898989899
3483	-60.0
3484	0.0
3485	6.0
3486	1.0
3487	0.14090909090909093
3488	-60.0
3489	0.0
3490	6.0
3491	1.0
3492	0.14191919191919192
3493	-60.0
3494	0.0
3495	6.0
3496	1.0
3497	0.14292929292929293
3498	-60.0
3499	0.0
3500	6.0
3501	1.0
3502	0.14393939393939392
3503	-55.0
3504	0.0
3505	6.0
3506	1.0
3507	0.14494949494949494
3508	-55.0
3509	0.0
3510	6.0
3511	1.0
3512	0.14595959595959596
3513	-55.0
3514	0.0
3515	6.0
3516	1.0
3517	0.14696969696969697
3518	-55.0
3519	0.0
3520	6.0
3521	1.0
3522	0.147979797979798
3523	-55.0
3524	0.0
3525	6.0
3526	1.0
3527	0.148989898989899
3528	-55.0
3529	0.0
3530	6.0
3531	1.0
3532	0.15
3533	-55.0
3534	0.0
3535	7.0
3536	0.06025357824701496
3537	0.05
3538	19.443123017479376
3539	88762187991.1413
3540	7.0
3541	0.06025357824701496
3542	0.05
3543	19.443123017479376
3544	88762187991.1413
3545	7.0
3546	0.06156615832394712
3547	0.05101010101010101
3548	19.411518428796747
3549	89819085274.31665
3550	7.0
3551	0.06288304406578653
3552	0.05202020202020202
3553	19.37982225973767
3554	90844035828.49396
3555	7.0
3556	0.06420427222837391
3557	0.05303030303030303
3558	19.348033692051413
3559	91836855035.01617
3560	7.0
3561	0.06552988011521742
3562	0.05404040404040404
3563	19.31615189517695
3564	92797356250.64044
3565	7.0
3566	0.06685990558905958
3567	0.05505050505050505
3568	19.284176025982028
3569	93725350769.80151
3570	7.0
3571	0.06819438708376106
3572	0.05606060606060606
3573	19.252105228494937
3574	94620647785.91278
3575	7.0
3576	0.06953336361651155
3577	0.05707070707070708
3578	19.219938633629063
3579	95483054351.66724
3580	7.0
3581	0.07087687480037898
3582	0.05808080808080808
3583	19.18767535889968
3584	96312375338.30951
3585	7.0
3586	0.07222496085720895
3587	0.0590909090909091
3588	19.155314508132804
3589	97108413393.84644
3590	7.0
3591	0.07357766263088578
3592	0.0601010101010101
3593	19.12285517116596
3594	97870968900.15503
3595	7.0
3596	0.07493502160096822
3597	0.061111111111111116
3598	19.090296423540398
3599	98599839928.95947
3600	7.0
3601	0.0762970798967121
3602	0.062121212121212126
3603	19.05763732618463
3604	99294822196.63483
3605	7.0
3606	0.07766388031149478
3607	0.06313131313131314
3608	19.024876925088773
3609	99955709017.79626
3610	7.0
3611	0.07903546631765394
3612	0.06414141414141414
3613	18.992014250969643
3614	100582291257.63867
3615	7.0
3616	0.08041188208175663
3617	0.06515151515151515
3618	18.95904831892605
3619	101174357282.97986
3620	7.0
3621	0.1079633352295768
3622	0.06616161616161617
3623	15.79651169772708
3624	105526491459.3966
3625	7.0
3626	0.10986580635341951
3627	0.06717171717171717
3628	15.751217302696261
3629	105316855655.90149
3630	7.0
3631	0.11177814732280304
3632	0.06818181818181818
3633	15.705710026290173
3634	105041978099.99548
3635	7.0
3636	0.11370049639935857
3637	0.0691919191919192
3638	15.65998677571028
3639	104701254310.9679
3640	7.0
3641	0.11563299521138024
3642	0.07020202020202021
3643	15.614044382283303
3644	104294068362.77454
3645	7.0
3646	0.11757578887030191
3647	0.07121212121212121
3648	15.567879598828398
3649	103819792525.88257
3650	7.0
3651	0.11952902609241634
3652	0.07222222222222223
3653	15.521489096905558
3654	103277786893.84973
3655	7.0
3656	0.12149285932612489
3657	0.07323232323232323
3658	15.474869463938859
3659	102667398993.82812
3660	7.0
3661	0.12346744488503139
3662	0.07424242424242425
3663	15.428017200207343
3664	101987963380.1123
3665	7.0
3666	0.12545294308720983
3667	0.07525252525252525
3668	15.380928715696108
3669	101238801209.80737
3670	7.0
3671	0.12744951840100052
3672	0.07626262626262627
3673	15.333600326799537
3674	100419219799.62561
3675	7.0
3676	0.1294573395977129
3677	0.07727272727272727
3678	15.286028252868135
3679	99528512162.75342
3680	7.0
3681	0.13147657991163944
3682	0.07828282828282829
3683	15.238208612589759
3684	98565956524.66016
3685	7.0
3686	0.13350741720781314
3687	0.0792929292929293
3688	15.190137420195466
3689	97530815816.64526
3690	7.0
3691	0.1355500341579719
3692	0.0803030303030303
3693	15.141810581479465
3694	96422337145.83301
3695	7.0
3696	0.13760461842522714
3697	0.08131313131313131
3698	15.093223889621903
3699	95239751240.23682
3700	7.0
3701	0.139671362857967
3702	0.08232323232323233
3703	15.04437302080245
3704	93982271867.41809
3705	7.0
3706	0.14175046569356745
3707	0.08333333333333334
3708	14.99525352959169
3709	92649095225.15466
3710	7.0
3711	0.14384213077252408
3712	0.08434343434343435
3713	14.94586084410643
3714	91239399302.4242
3715	7.0
3716	1.0
3717	0.08535353535353535
3718	-58.0
3719	0.0
3720	7.0
3721	1.0
3722	0.08636363636363636
3723	-58.0
3724	0.0
3725	7.0
3726	1.0
3727	0.08737373737373738
3728	-56.0
3729	0.0
3730	7.0
3731	1.0
3732	0.08838383838383838
3733	-56.0
3734	0.0
3735	7.0
3736	1.0
3737	0.08939393939393939
3738	-56.0
3739	0.0
3740	7.0
3741	1.0
3742	0.0904040404040404
3743	-56.0
3744	0.0
3745	7.0
3746	1.0
3747	0.09141414141414142
3748	-56.0
3749	0.0
3750	7.0
3751	1.0
3752	0.09242424242424244
3753	-56.0
3754	0.0
3755	7.0
3756	1.0
3757	0.09343434343434344
3758	-56.0
3759	0.0
3760	7.0
3761	1.0
3762	0.09444444444444444
3763	-56.0
3764	0.0
3765	7.0
3766	1.0
3767	0.09545454545454546
3768	-56.0
3769	0.0
3770	7.0
3771	1.0
3772	0.09646464646464648
3773	-56.0
3774	0.0
3775	7.0
3776	1.0
3777	0.09747474747474748
3778	-62.0
3779	0.0
3780	7.0
3781	1.0
3782	0.09848484848484848
3783	-62.0
3784	0.0
3785	7.0
3786	1.0
3787	0.0994949494949495
3788	-62.0
3789	0.0
3790	7.0
3791	1.0
3792	0.10050505050505051
3793	-62.0
3794	0.0
3795	7.0
3796	1.0
3797	0.10151515151515152
3798	-62.0
3799	0.0
3800	7.0
3801	1.0
3802	0.10252525252525252
3803	-62.0
3804	0.0
3805	7.0
3806	1.0
3807	0.10353535353535354
3808	-62.0
3809	0.0
3810	7.0
3811	1.0
3812	0.10454545454545455
3813	-62.0
3814	0.0
3815	7.0
3816	1.0
3817	0.10555555555555556
3818	-62.0
3819	0.0
3820	7.0
3821	1.0
3822	0.10656565656565657
3823	-62.0
3824	0.0
3825	7.0
3826	1.0
3827	0.10757575757575757
3828	-60.0
3829	0.0
3830	7.0
3831	1.0
3832	0.10858585858585859
3833	-60.0
3834	0.0
3835	7.0
3836	1.0
3837	0.10959595959595961
3838	-60.0
3839	0.0
3840	7.0
3841	1.0
3842	0.11060606060606061
3843	-60.0
3844	0.0
3845	7.0
3846	1.0
3847	0.11161616161616161
3848	-60.0
3849	0.0
3850	7.0
3851	1.0
3852	0.11262626262626263
3853	-60.0
3854	0.0
3855	7.0
3856	1.0
3857	0.11363636363636363
3858	-60.0
3859	0.0
3860	7.0
3861	1.0
3862	0.11464646464646465
3863	-60.0
3864	0.0
3865	7.0
3866	1.0
3867	0.11565656565656567
3868	-60.0
3869	0.0
3870	7.0
3871	1.0
3872	0.11666666666666667
3873	-60.0
3874	0.0
3875	7.0
3876	1.0
3877	0.11767676767676769
3878	-60.0
3879	0.0
3880	7.0
3881	1.0
3882	0.11868686868686869
3883	-60.0
3884	0.0
3885	7.0
3886	1.0
3887	0.1196969696969697
3888	-60.0
3889	0.0
3890	7.0
3891	1.0
3892	0.12070707070707071
3893	-60.0
3894	0.0
3895	7.0
3896	1.0
3897	0.12171717171717172
3898	-60.0
3899	0.0
3900	7.0
3901	1.0
3902	0.12272727272727273
3903	-55.0
3904	0.0
3905	7.0
3906	1.0
3907	0.12373737373737374
3908	-55.0
3909	0.0
3910	7.0
3911	1.0
3912	0.12474747474747475
3913	-55.0
3914	0.0
3915	7.0
3916	1.0
3917	0.12575757575757576
3918	-55.0
3919	0.0
3920	7.0
3921	1.0
3922	0.12676767676767675
3923	-55.0
3924	0.0
3925	7.0
3926	1.0
3927	0.12777777777777777
3928	-55.0
3929	0.0
3930	7.0
3931	1.0
3932	0.12878787878787878
3933	-55.0
3934	0.0
3935	7.0
3936	1.0
3937	0.1297979797979798
3938	-55.0
3939	0.0
3940	7.0
3941	1.0
3942	0.13080808080808082
3943	-55.0
3944	0.0
3945	7.0
3946	1.0
3947	0.13181818181818183
3948	-55.0
3949	0.0
3950	7.0
3951	1.0
3952	0.13282828282828285
3953	-55.0
3954	0.0
3955	7.0
3956	1.0
3957	0.13383838383838384
3958	-55.0
3959	0.0
3960	7.0
3961	1.0
3962	0.13484848484848486
3963	-55.0
3964	0.0
3965	7.0
3966	1.0
3967	0.13585858585858585
3968	-55.0
3969	0.0
3970	7.0
3971	1.0
3972	0.13686868686868686
3973	-55.0
3974	0.0
3975	7.0
3976	1.0
3977	0.13787878787878788
3978	-55.0
3979	0.0
3980	7.0
3981	1.0
3982	0.1388888888888889
3983	-58.0
3984	0.0
3985	7.0
3986	1.0
3987	0.1398989898989899
3988	-58.0
3989	0.0
3990	7.0
3991	1.0
3992	0.14090909090909093
3993	-58.0
3994	0.0
3995	7.0
3996	1.0
3997	0.14191919191919192
3998	-58.0
3999	0.0
4000	7.0
4001	1.0
4002	0.14292929292929293
4003	-58.0
4004	0.0
4005	7.0
4006	1.0
4007	0.14393939393939392
4008	-58.0
4009	0.0
4010	7.0
4011	1.0
4012	0.14494949494949494
4013	-58.0
4014	0.0
4015	7.0
4016	1.0
4017	0.14595959595959596
4018	-58.0
4019	0.0
4020	7.0
4021	1.0
4022	0.14696969696969697
4023	-58.0
4024	0.0
4025	7.0
4026	1.0
4027	0.147979797979798
4028	-58.0
4029	0.0
4030	7.0
4031	1.0
4032	0.148989898989899
4033	-61.0
4034	0.0
4035	7.0
4036	1.0
4037	0.15
4038	-61.0
4039	0.0
4040	8.0
4041	0.06795099999730668
4042	0.05
4043	16.796835203257125
4044	72343082537.13232
4045	8.0
4046	0.06795099999730668
4047	0.05
4048	16.796835203257125
4049	72343082537.13232
4050	8.0
4051	0.06944351824604099
4052	0.05101010101010101
4053	16.76525993504605
4054	73083117928.79767
4055	8.0
4056	0.07094155720663624
4057	0.05202020202020202
4058	16.733578179524862
4059	73791602943.95331
4060	8.0
4061	0.07244517215847715
4062	0.05303030303030303
4063	16.701788833268328
4064	74468335682.2326
4065	8.0
4066	0.07395441933856232
4067	0.05404040404040404
4068	16.669890773600137
4069	75113111587.83636
4070	8.0
4071	0.07546935596500151
4072	0.05505050505050505
4073	16.63788285811916
4074	75725723391.36243
4075	8.0
4076	0.07699004026125983
4077	0.05606060606060606
4078	16.60576392421066
4079	76305961049.89825
4080	8.0
4081	0.0785165314811795
4082	0.05707070707070708
4083	16.57353278854182
4084	76853611685.30896
4085	8.0
4086	0.08004888993480848
4087	0.05808080808080808
4088	16.541188246540923
4089	77368459520.65247
4090	8.0
4091	0.10762294149450333
4092	0.0590909090909091
4093	13.45687388315961
4094	80841995434.13892
4095	8.0
4096	0.10973951067115074
4097	0.0601010101010101
4098	13.412395690930595
4099	80670056128.34644
4100	8.0
4101	0.11186812608134476
4102	0.061111111111111116
4103	13.367683033674634
4104	80436252847.40088
4105	8.0
4106	0.11400897794031509
4107	0.062121212121212126
4108	13.32273210290964
4109	80139961999.83276
4110	8.0
4111	0.1161622616531044
4112	0.06313131313131314
4113	13.277538985642956
4114	79780546520.84338
4115	8.0
4116	0.11832817801576455
4117	0.06414141414141414
4118	13.232099660310237
4119	79357355397.46545
4120	8.0
4121	0.12050693342670474
4122	0.06515151515151515
4123	13.186409992509262
4124	78869723171.00073
4125	8.0
4126	0.12269874010882746
4127	0.06616161616161617
4128	13.1404657305156
4129	78316969415.35718
4130	8.0
4131	0.12490381634313132
4132	0.06717171717171717
4133	13.094262500566607
4134	77698398189.82324
4135	8.0
4136	0.1271223867145141
4137	0.06818181818181818
4138	13.047795801898722
4139	77013297464.69287
4140	8.0
4141	0.1293546823705637
4142	0.0691919191919192
4143	13.001061001522295
4144	76260938518.0542
4145	8.0
4146	0.13160094129418665
4147	0.07020202020202021
4148	12.954053328716629
4149	75440575301.90442
4150	8.0
4151	0.13386140859098994
4152	0.07121212121212121
4153	12.906767869226794
4154	74551443775.64246
4155	8.0
4156	0.13613633679240336
4157	0.07222222222222223
4158	12.859199559142219
4159	73592761204.80908
4160	8.0
4161	0.1384259861756113
4162	0.07323232323232323
4163	12.811343178435386
4164	72563725422.80261
4165	8.0
4166	0.1407306251014467
4167	0.07424242424242425
4168	12.763193344137385
4169	71463514053.1034
4170	8.0
4171	0.1430505303714964
4172	0.07525252525252525
4173	12.714744503124976
4174	70291283689.34497
4175	8.0
4176	1.0
4177	0.07626262626262627
4178	-56.0
4179	0.0
4180	8.0
4181	1.0
4182	0.07727272727272727
4183	-56.0
4184	0.0
4185	8.0
4186	1.0
4187	0.07828282828282829
4188	-56.0
4189	0.0
4190	8.0
4191	1.0
4192	0.0792929292929293
4193	-56.0
4194	0.0
4195	8.0
4196	1.0
4197	0.0803030303030303
4198	-56.0
4199	0.0
4200	8.0
4201	1.0
4202	0.08131313131313131
4203	-56.0
4204	0.0
4205	8.0
4206	1.0
4207	0.08232323232323233
4208	-56.0
4209	0.0
4210	8.0
4211	1.0
4212	0.08333333333333334
4213	-56.0
4214	0.0
4215	8.0
4216	1.0
4217	0.08434343434343435
4218	-56.0
4219	0.0
4220	8.0
4221	1.0
4222	0.08535353535353535
4223	-62.0
4224	0.0
4225	8.0
4226	1.0
4227	0.08636363636363636
4228	-62.0
4229	0.0
4230	8.0
4231	1.0
4232	0.08737373737373738
4233	-62.0
4234	0.0
4235	8.0
4236	1.0
4237	0.08838383838383838
4238	-62.0
4239	0.0
4240	8.0
4241	1.0
4242	0.08939393939393939
4243	-62.0
4244	0.0
4245	8.0
4246	1.0
4247	0.0904040404040404
4248	-62.0
4249	0.0
4250	8.0
4251	1.0
4252	0.09141414141414142
4253	-62.0
4254	0.0
4255	8.0
4256	1.0
4257	0.09242424242424244
4258	-62.0
4259	0.0
4260	8.0
4261	1.0
4262	0.09343434343434344
4263	-62.0
4264	0.0
4265	8.0
4266	1.0
4267	0.09444444444444444
4268	-60.0
4269	0.0
4270	8.0
4271	1.0
4272	0.09545454545454546
4273	-60.0
4274	0.0
4275	8.0
4276	1.0
4277	0.09646464646464648
4278	-60.0
4279	0.0
4280	8.0
4281	1.0
4282	0.09747474747474748
4283	-60.0
4284	0.0
4285	8.0
4286	1.0
4287	0.09848484848484848
4288	-60.0
4289	0.0
4290	8.0
4291	1.0
4292	0.0994949494949495
4293	-60.0
4294	0.0
4295	8.0
4296	1.0
4297	0.10050505050505051
4298	-60.0
4299	0.0
4300	8.0
4301	1.0
4302	0.10151515151515152
4303	-60.0
4304	0.0
4305	8.0
4306	1.0
4307	0.10252525252525252
4308	-60.0
4309	0.0
4310	8.0
4311	1.0
4312	0.10353535353535354
4313	-60.0
4314	0.0
4315	8.0
4316	1.0
4317	0.10454545454545455
4318	-60.0
4319	0.0
4320	8.0
4321	1.0
4322	0.10555555555555556
4323	-60.0
4324	0.0
4325	8.0
4326	1.0
4327	0.10656565656565657
4328	-60.0
4329	0.0
4330	8.0
4331	1.0
4332	0.10757575757575757
4333	-55.0
4334	0.0
4335	8.0
4336	1.0
4337	0.10858585858585859
4338	-55.0
4339	0.0
4340	8.0
4341	1.0
4342	0.10959595959595961
4343	-55.0
4344	0.0
4345	8.0
4346	1.0
4347	0.11060606060606061
4348	-55.0
4349	0.0
4350	8.0
4351	1.0
4352	0.11161616161616161
4353	-55.0
4354	0.0
4355	8.0
4356	1.0
4357	0.11262626262626263
4358	-55.0
4359	0.0
4360	8.0
4361	1.0
4362	0.11363636363636363
4363	-55.0
4364	0.0
4365	8.0
4366	1.0
4367	0.11464646464646465
4368	-55.0
4369	0.0
4370	8.0
4371	1.0
4372	0.11565656565656567
4373	-55.0
4374	0.0
4375	8.0
4376	1.0
4377	0.11666666666666667
4378	-55.0
4379	0.0
4380	8.0
4381	1.0
4382	0.11767676767676769
4383	-55.0
4384	0.0
4385	8.0
4386	1.0
4387	0.11868686868686869
4388	-55.0
4389	0.0
4390	8.0
4391	1.0
4392	0.1196969696969697
4393	-55.0
4394	0.0
4395	8.0
4396	1.0
4397	0.12070707070707071
4398	-58.0
4399	0.0
4400	8.0
4401	1.0
4402	0.12171717171717172
4403	-58.0
4404	0.0
4405	8.0
4406	1.0
4407	0.12272727272727273
4408	-58.0
4409	0.0
4410	8.0
4411	1.0
4412	0.12373737373737374
4413	-58.0
4414	0.0
4415	8.0
4416	1.0
4417	0.12474747474747475
4418	-58.0
4419	0.0
4420	8.0
4421	1.0
4422	0.12575757575757576
4423	-58.0
4424	0.0
4425	8.0
4426	1.0
4427	0.12676767676767675
4428	-58.0
4429	0.0
4430	8.0
4431	1.0
4432	0.12777777777777777
4433	-58.0
4434	0.0
4435	8.0
4436	1.0
4437	0.12878787878787878
4438	-58.0
4439	0.0
4440	8.0
4441	1.0
4442	0.1297979797979798
4443	-61.0
4444	0.0
4445	8.0
4446	1.0
4447	0.13080808080808082
4448	-61.0
4449	0.0
4450	8.0
4451	1.0
4452	0.13181818181818183
4453	-61.0
4454	0.0
4455	8.0
4456	1.0
4457	0.13282828282828285
4458	-61.0
4459	0.0
4460	8.0
4461	1.0
4462	0.13383838383838384
4463	-61.0
4464	0.0
4465	8.0
4466	1.0
4467	0.13484848484848486
4468	-61.0
4469	0.0
4470	8.0
4471	1.0
4472	0.13585858585858585
4473	-61.0
4474	0.0
4475	8.0
4476	1.0
4477	0.13686868686868686
4478	-61.0
4479	0.0
4480	8.0
4481	1.0
4482	0.13787878787878788
4483	-61.0
4484	0.0
4485	8.0
4486	1.0
4487	0.1388888888888889
4488	-7.5
4489	0.0
4490	8.0
4491	1.0
4492	0.1398989898989899
4493	-7.5
4494	0.0
4495	8.0
4496	1.0
4497	0.14090909090909093
4498	-7.5
4499	0.0
4500	8.0
4501	1.0
4502	0.14191919191919192
4503	-7.5
4504	0.0
4505	8.0
4506	1.0
4507	0.14292929292929293
4508	-7.5
4509	0.0
4510	8.0
4511	1.0
4512	0.14393939393939392
4513	-7.5
4514	0.0
4515	8.0
4516	1.0
4517	0.14494949494949494
4518	-7.5
4519	0.0
4520	8.0
4521	1.0
4522	0.14595959595959596
4523	-7.5
4524	0.0
4525	8.0
4526	1.0
4527	0.14696969696969697
4528	-7.5
4529	0.0
4530	8.0
4531	1.0
4532	0.147979797979798
4533	-90.0
4534	0.0
4535	8.0
4536	1.0
4537	0.148989898989899
4538	-90.0
4539	0.0
4540	8.0
4541	1.0
4542	0.15
4543	-90.0
4544	0.0
4545	9.0
4546	0.07592623662680208
4547	0.05
4548	14.666004132324577
4549	59959026826.81482
4550	9.0
4551	0.07592623662680208
4552	0.05
4553	14.666004132324577
4554	59959026826.81482
4555	9.0
4556	0.07760935288779493
4557	0.05101010101010101
4558	14.63425346197467
4559	60455615380.85693
4560	9.0
4561	0.07929949883413998
4562	0.05202020202020202
4563	14.60237920036126
4564	60920644692.79846
4565	9.0
4566	0.1067781370645581
4567	0.05303030303030303
4568	11.582200760193924
4569	63900782589.33008
4570	9.0
4571	0.10911103059867419
4572	0.05404040404040404
4573	11.538352843723203
4574	63769464962.578
4575	9.0
4576	0.11145840093992045
4577	0.05505050505050505
4578	11.4942489700822
4579	63578734636.21405
4580	9.0
4581	0.11382050218151683
4582	0.05606060606060606
4583	11.449884544034713
4584	63327942620.30652
4585	9.0
4586	0.1161975960931918
4587	0.05707070707070708
4588	11.40525483087827
4589	63016424201.40106
4590	9.0
4591	0.11858995245084646
4592	0.05808080808080808
4593	11.360354950443554
4594	62643498326.758606
4595	9.0
4596	0.12099784938466401
4597	0.0590909090909091
4598	11.315179870757756
4599	62208466955.88977
4600	9.0
4601	0.1234215737469447
4602	0.0601010101010101
4603	11.269724401348512
4604	61710614377.18628
4605	9.0
4606	0.12586142150104798
4607	0.061111111111111116
4608	11.22398318616317
4609	61149206487.2876
4610	9.0
4611	0.1283176981329446
4612	0.062121212121212126
4613	11.177950696076088
4614	60523490030.617676
4615	9.0
4616	0.13079071908700418
4617	0.06313131313131314
4618	11.131621220954216
4619	59832691796.316345
4620	9.0
4621	0.13328081022778826
4622	0.06414141414141414
4623	11.084988861248775
4624	59076017769.55859
4625	9.0
4626	0.13578830832977215
4627	0.06515151515151515
4628	11.038047519077871
4629	58252652233.991516
4630	9.0
4631	0.1383135615970863
4632	0.06616161616161617
4633	10.990790888762035
4634	57361756821.74365
4635	9.0
4636	0.14085693021556314
4637	0.06717171717171717
4638	10.943212446770845
4639	56402469507.14099
4640	9.0
4641	1.0
4642	0.06818181818181818
4643	-56.0
4644	0.0
4645	9.0
4646	1.0
4647	0.0691919191919192
4648	-56.0
4649	0.0
4650	9.0
4651	1.0
4652	0.07020202020202021
4653	-56.0
4654	0.0
4655	9.0
4656	1.0
4657	0.07121212121212121
4658	-56.0
4659	0.0
4660	9.0
4661	1.0
4662	0.07222222222222223
4663	-56.0
4664	0.0
4665	9.0
4666	1.0
4667	0.07323232323232323
4668	-56.0
4669	0.0
4670	9.0
4671	1.0
4672	0.07424242424242425
4673	-56.0
4674	0.0
4675	9.0
4676	1.0
4677	0.07525252525252525
4678	-56.0
4679	0.0
4680	9.0
4681	1.0
4682	0.07626262626262627
4683	-62.0
4684	0.0
4685	9.0
4686	1.0
4687	0.07727272727272727
4688	-62.0
4689	0.0
4690	9.0
4691	1.0
4692	0.07828282828282829
4693	-62.0
4694	0.0
4695	9.0
4696	1.0
4697	0.0792929292929293
4698	-62.0
4699	0.0
4700	9.0
4701	1.0
4702	0.0803030303030303
4703	-62.0
4704	0.0
4705	9.0
4706	1.0
4707	0.08131313131313131
4708	-62.0
4709	0.0
4710	9.0
4711	1.0
4712	0.08232323232323233
4713	-62.0
4714	0.0
4715	9.0
4716	1.0
4717	0.08333333333333334
4718	-62.0
4719	0.0
4720	9.0
4721	1.0
4722	0.08434343434343435
4723	-60.0
4724	0.0
4725	9.0
4726	1.0
4727	0.08535353535353535
4728	-60.0
4729	0.0
4730	9.0
4731	1.0
4732	0.08636363636363636
4733	-60.0
4734	0.0
4735	9.0
4736	1.0
4737	0.08737373737373738
4738	-60.0
4739	0.0
4740	9.0
4741	1.0
4742	0.08838383838383838
4743	-60.0
4744	0.0
4745	9.0
4746	1.0
4747	0.08939393939393939
4748	-60.0
4749	0.0
4750	9.0
4751	1.0
4752	0.0904040404040404
4753	-60.0
4754	0.0
4755	9.0
4756	1.0
4757	0.09141414141414142
4758	-60.0
4759	0.0
4760	9.0
4761	1.0
4762	0.09242424242424244
4763	-60.0
4764	0.0
4765	9.0
4766	1.0
4767	0.09343434343434344
4768	-60.0
4769	0.0
4770	9.0
4771	1.0
4772	0.09444444444444444
4773	-60.0
4774	0.0
4775	9.0
4776	1.0
4777	0.09545454545454546
4778	-55.0
4779	0.0
4780	9.0
4781	1.0
4782	0.09646464646464648
4783	-55.0
4784	0.0
4785	9.0
4786	1.0
4787	0.09747474747474748
4788	-55.0
4789	0.0
4790	9.0
4791	1.0
4792	0.09848484848484848
4793	-55.0
4794	0.0
4795	9.0
4796	1.0
4797	0.0994949494949495
4798	-55.0
4799	0.0
4800	9.0
4801	1.0
4802	0.10050505050505051
4803	-55.0
4804	0.0
4805	9.0
4806	1.0
4807	0.10151515151515152
4808	-55.0
4809	0.0
4810	9.0
4811	1.0
4812	0.10252525252525252
4813	-55.0
4814	0.0
4815	9.0
4816	1.0
4817	0.10353535353535354
4818	-55.0
4819	0.0
4820	9.0
4821	1.0
4822	0.10454545454545455
4823	-55.0
4824	0.0
4825	9.0
4826	1.0
4827	0.10555555555555556
4828	-55.0
4829	0.0
4830	9.0
4831	1.0
4832	0.10656565656565657
4833	-55.0
4834	0.0
4835	9.0
4836	1.0
4837	0.10757575757575757
4838	-58.0
4839	0.0
4840	9.0
4841	1.0
4842	0.10858585858585859
4843	-58.0
4844	0.0
4845	9.0
4846	1.0
4847	0.10959595959595961
4848	-58.0
4849	0.0
4850	9.0
4851	1.0
4852	0.11060606060606061
4853	-58.0
4854	0.0
4855	9.0
4856	1.0
4857	0.11161616161616161
4858	-58.0
4859	0.0
4860	9.0
4861	1.0
4862	0.11262626262626263
4863	-58.0
4864	0.0
4865	9.0
4866	1.0
4867	0.11363636363636363
4868	-58.0
4869	0.0
4870	9.0
4871	1.0
4872	0.11464646464646465
4873	-58.0
4874	0.0
4875	9.0
4876	1.0
4877	0.11565656565656567
4878	-61.0
4879	0.0
4880	9.0
4881	1.0
4882	0.11666666666666667
4883	-61.0
4884	0.0
4885	9.0
4886	1.0
4887	0.11767676767676769
4888	-61.0
4889	0.0
4890	9.0
4891	1.0
4892	0.11868686868686869
4893	-61.0
4894	0.0
4895	9.0
4896	1.0
4897	0.1196969696969697
4898	-61.0
4899	0.0
4900	9.0
4901	1.0
4902	0.12070707070707071
4903	-61.0
4904	0.0
4905	9.0
4906	1.0
4907	0.12171717171717172
4908	-61.0
4909	0.0
4910	9.0
4911	1.0
4912	0.12272727272727273
4913	-61.0
4914	0.0
4915	9.0
4916	1.0
4917	0.12373737373737374
4918	-7.5
4919	0.0
4920	9.0
4921	1.0
4922	0.12474747474747475
4923	-7.5
4924	0.0
4925	9.0
4926	1.0
4927	0.12575757575757576
4928	-7.5
4929	0.0
4930	9.0
4931	1.0
4932	0.12676767676767675
4933	-7.5
4934	0.0
4935	9.0
4936	1.0
4937	0.12777777777777777
4938	-7.5
4939	0.0
4940	9.0
4941	1.0
4942	0.12878787878787878
4943	-7.5
4944	0.0
4945	9.0
4946	1.0
4947	0.1297979797979798
4948	-7.5
4949	0.0
4950	9.0
4951	1.0
4952	0.13080808080808082
4953	-7.5
4954	0.0
4955	9.0
4956	1.0
4957	0.13181818181818183
4958	-90.0
4959	0.0
4960	9.0
4961	1.0
4962	0.13282828282828285
4963	-90.0
4964	0.0
4965	9.0
4966	1.0
4967	0.13383838383838384
4968	-90.0
4969	0.0
4970	9.0
4971	1.0
4972	0.13484848484848486
4973	-90.0
4974	0.0
4975	9.0
4976	1.0
4977	0.13585858585858585
4978	-90.0
4979	0.0
4980	9.0
4981	1.0
4982	0.13686868686868686
4983	-90.0
4984	0.0
4985	9.0
4986	1.0
4987	0.13787878787878788
4988	-90.0
4989	0.0
4990	9.0
4991	1.0
4992	0.1388888888888889
4993	-90.0
4994	0.0
4995	9.0
4996	1.0
4997	0.1398989898989899
4998	-10.0
4999	0.0
5000	9.0
5001	1.0
5002	0.14090909090909093
5003	-10.0
5004	0.0
5005	9.0
5006	1.0
5007	0.14191919191919192
5008	-10.0
5009	0.0
5010	9.0
5011	1.0
5012	0.14292929292929293
5013	-10.0
5014	0.0
5015	9.0
5016	1.0
5017	0.14393939393939392
5018	-10.0
5019	0.0
5020	9.0
5021	1.0
5022	0.14494949494949494
5023	-10.0
5024	0.0
5025	9.0
5026	1.0
5027	0.14595959595959596
5028	-10.0
5029	0.0
5030	9.0
5031	1.0
5032	0.14696969696969697
5033	-9.5
5034	0.0
5035	9.0
5036	1.0
5037	0.147979797979798
5038	-9.5
5039	0.0
5040	9.0
5041	1.0
5042	0.148989898989899
5043	-9.5
5044	0.0
5045	9.0
5046	1.0
5047	0.15
5048	-9.5
5049	0.0
5050	10.0
5051	0.11107889599491767
5052	0.05
5053	9.957012331643545
5054	51561304471.10834
5055	10.0
5056	0.11107889599491767
5057	0.05
5058	9.957012331643545
5059	51561304471.10834
5060	10.0
5061	0.11366615356668278
5062	0.05101010101010101
5063	9.91307690942164
5064	51344557742.40503
5065	10.0
5066	0.11627127848817054
5067	0.05202020202020202
5068	9.868852424825125
5069	51068732022.32312
5070	10.0
5071	0.11889462558478746
5072	0.05303030303030303
5073	9.824333033011527
5074	50733108930.24408
5075	10.0
5076	0.12153656178023556
5077	0.05404040404040404
5078	9.779512689124566
5079	50336950170.6098
5080	10.0
5081	0.12419746668343688
5082	0.05505050505050505
5083	9.734385138576304
5084	49879496648.29907
5085	10.0
5086	0.12687773321261184
5087	0.05606060606060606
5088	9.68894390671363
5089	49359967530.747375
5090	10.0
5091	0.12957776825942735
5092	0.05707070707070708
5093	9.643182287820732
5094	48777559252.76843
5095	10.0
5096	0.13229799339640472
5097	0.05808080808080808
5098	9.597093333404633
5099	48131444459.659546
5100	10.0
5101	0.13503884563108504
5102	0.0590909090909091
5103	9.550669839705856
5104	47420770883.7594
5105	10.0
5106	0.1378007782107852
5107	0.0601010101010101
5108	9.50390433437061
5109	46644660149.17102
5110	10.0
5111	0.1405842614821588
5112	0.061111111111111116
5113	9.456789062214614
5114	45802206498.8548
5115	10.0
5116	1.0
5117	0.062121212121212126
5118	-56.0
5119	0.0
5120	10.0
5121	1.0
5122	0.06313131313131314
5123	-56.0
5124	0.0
5125	10.0
5126	1.0
5127	0.06414141414141414
5128	-56.0
5129	0.0
5130	10.0
5131	1.0
5132	0.06515151515151515
5133	-56.0
5134	0.0
5135	10.0
5136	1.0
5137	0.06616161616161617
5138	-56.0
5139	0.0
5140	10.0
5141	1.0
5142	0.06717171717171717
5143	-56.0
5144	0.0
5145	10.0
5146	1.0
5147	0.06818181818181818
5148	-62.0
5149	0.0
5150	10.0
5151	1.0
5152	0.0691919191919192
5153	-62.0
5154	0.0
5155	10.0
5156	1.0
5157	0.07020202020202021
5158	-62.0
5159	0.0
5160	10.0
5161	1.0
5162	0.07121212121212121
5163	-62.0
5164	0.0
5165	10.0
5166	1.0
5167	0.07222222222222223
5168	-62.0
5169	0.0
5170	10.0
5171	1.0
5172	0.07323232323232323
5173	-62.0
5174	0.0
5175	10.0
5176	1.0
5177	0.07424242424242425
5178	-62.0
5179	0.0
5180	10.0
5181	1.0
5182	0.07525252525252525
5183	-60.0
5184	0.0
5185	10.0
5186	1.0
5187	0.07626262626262627
5188	-60.0
5189	0.0
5190	10.0
5191	1.0
5192	0.07727272727272727
5193	-60.0
5194	0.0
5195	10.0
5196	1.0
5197	0.07828282828282829
5198	-60.0
5199	0.0
5200	10.0
5201	1.0
5202	0.0792929292929293
5203	-60.0
5204	0.0
5205	10.0
5206	1.0
5207	0.0803030303030303
5208	-60.0
5209	0.0
5210	10.0
5211	1.0
5212	0.08131313131313131
5213	-60.0
5214	0.0
5215	10.0
5216	1.0
5217	0.08232323232323233
5218	-60.0
5219	0.0
5220	10.0
5221	1.0
5222	0.08333333333333334
5223	-60.0
5224	0.0
5225	10.0
5226	1.0
5227	0.08434343434343435
5228	-60.0
5229	0.0
5230	10.0
5231	1.0
5232	0.08535353535353535
5233	-60.0
5234	0.0
5235	10.0
5236	1.0
5237	0.08636363636363636
5238	-55.0
5239	0.0
5240	10.0
5241	1.0
5242	0.08737373737373738
5243	-55.0
5244	0.0
5245	10.0
5246	1.0
5247	0.08838383838383838
5248	-55.0
5249	0.0
5250	10.0
5251	1.0
5252	0.08939393939393939
5253	-55.0
5254	0.0
5255	10.0
5256	1.0
5257	0.0904040404040404
5258	-55.0
5259	0.0
5260	10.0
5261	1.0
5262	0.09141414141414142
5263	-55.0
5264	0.0
5265	10.0
5266	1.0
5267	0.09242424242424244
5268	-55.0
5269	0.0
5270	10.0
5271	1.0
5272	0.09343434343434344
5273	-55.0
5274	0.0
5275	10.0
5276	1.0
5277	0.09444444444444444
5278	-55.0
5279	0.0
5280	10.0
5281	1.0
5282	0.09545454545454546
5283	-55.0
5284	0.0
5285	10.0
5286	1.0
5287	0.09646464646464648
5288	-55.0
5289	0.0
5290	10.0
5291	1.0
5292	0.09747474747474748
5293	-58.0
5294	0.0
5295	10.0
5296	1.0
5297	0.09848484848484848
5298	-58.0
5299	0.0
5300	10.0
5301	1.0
5302	0.0994949494949495
5303	-58.0
5304	0.0
5305	10.0
5306	1.0
5307	0.10050505050505051
5308	-58.0
5309	0.0
5310	10.0
5311	1.0
5312	0.10151515151515152
5313	-58.0
5314	0.0
5315	10.0
5316	1.0
5317	0.10252525252525252
5318	-58.0
5319	0.0
5320	10.0
5321	1.0
5322	0.10353535353535354
5323	-58.0
5324	0.0
5325	10.0
5326	1.0
5327	0.10454545454545455
5328	-61.0
5329	0.0
5330	10.0
5331	1.0
5332	0.10555555555555556
5333	-61.0
5334	0.0
5335	10.0
5336	1.0
5337	0.10656565656565657
5338	-61.0
5339	0.0
5340	10.0
5341	1.0
5342	0.10757575757575757
5343	-61.0
5344	0.0
5345	10.0
5346	1.0
5347	0.10858585858585859
5348	-61.0
5349	0.0
5350	10.0
5351	1.0
5352	0.10959595959595961
5353	-61.0
5354	0.0
5355	10.0
5356	1.0
5357	0.11060606060606061
5358	-61.0
5359	0.0
5360	10.0
5361	1.0
5362	0.11161616161616161
5363	-7.5
5364	0.0
5365	10.0
5366	1.0
5367	0.11262626262626263
5368	-7.5
5369	0.0
5370	10.0
5371	1.0
5372	0.11363636363636363
5373	-7.5
5374	0.0
5375	10.0
5376	1.0
5377	0.11464646464646465
5378	-7.5
5379	0.0
5380	10.0
5381	1.0
5382	0.11565656565656567
5383	-7.5
5384	0.0
5385	10.0
5386	1.0
5387	0.11666666666666667
5388	-7.5
5389	0.0
5390	10.0
5391	1.0
5392	0.11767676767676769
5393	-7.5
5394	0.0
5395	10.0
5396	1.0
5397	0.11868686868686869
5398	-90.0
5399	0.0
5400	10.0
5401	1.0
5402	0.1196969696969697
5403	-90.0
5404	0.0
5405	10.0
5406	1.0
5407	0.12070707070707071
5408	-90.0
5409	0.0
5410	10.0
5411	1.0
5412	0.12171717171717172
5413	-90.0
5414	0.0
5415	10.0
5416	1.0
5417	0.12272727272727273
5418	-90.0
5419	0.0
5420	10.0
5421	1.0
5422	0.12373737373737374
5423	-90.0
5424	0.0
5425	10.0
5426	1.0
5427	0.12474747474747475
5428	-90.0
5429	0.0
5430	10.0
5431	1.0
5432	0.12575757575757576
5433	-10.0
5434	0.0
5435	10.0
5436	1.0
5437	0.12676767676767675
5438	-10.0
5439	0.0
5440	10.0
5441	1.0
5442	0.12777777777777777
5443	-10.0
5444	0.0
5445	10.0
5446	1.0
5447	0.12878787878787878
5448	-10.0
5449	0.0
5450	10.0
5451	1.0
5452	0.1297979797979798
5453	-10.0
5454	0.0
5455	10.0
5456	1.0
5457	0.13080808080808082
5458	-10.0
5459	0.0
5460	10.0
5461	1.0
5462	0.13181818181818183
5463	-10.0
5464	0.0
5465	10.0
5466	1.0
5467	0.13282828282828285
5468	-9.5
5469	0.0
5470	10.0
5471	1.0
5472	0.13383838383838384
5473	-9.5
5474	0.0
5475	10.0
5476	1.0
5477	0.13484848484848486
5478	-9.5
5479	0.0
5480	10.0
5481	1.0
5482	0.13585858585858585
5483	-9.5
5484	0.0
5485	10.0
5486	1.0
5487	0.13686868686868686
5488	-9.5
5489	0.0
5490	10.0
5491	1.0
5492	0.13787878787878788
5493	-9.5
5494	0.0
5495	10.0
5496	1.0
5497	0.1388888888888889
5498	-9.5
5499	0.0
5500	10.0
5501	1.0
5502	0.1398989898989899
5503	-9.5
5504	0.0
5505	10.0
5506	1.0
5507	0.14090909090909093
5508	-9.5
5509	0.0
5510	10.0
5511	1.0
5512	0.14191919191919192
5513	-9.5
5514	0.0
5515	10.0
5516	1.0
5517	0.14292929292929293
5518	-9.5
5519	0.0
5520	10.0
5521	1.0
5522	0.14393939393939392
5523	-9.5
5524	0.0
5525	10.0
5526	1.0
5527	0.14494949494949494
5528	-9.5
5529	0.0
5530	10.0
5531	1.0
5532	0.14595959595959596
5533	-9.5
5534	0.0
5535	10.0
5536	1.0
5537	0.14696969696969697
5538	-9.5
5539	0.0
5540	10.0
5541	1.0
5542	0.147979797979798
5543	-9.5
5544	0.0
5545	10.0
5546	1.0
5547	0.148989898989899
5548	-9.5
5549	0.0
5550	10.0
5551	1.0
5552	0.15
5553	-9.5
5554	0.0
